"time","temp","vpd","co2","eppfd_1","eppfd_2","eppfd_3","eppfd_4","eppfdi_1","eppfdi_2","eppfdi_3","eppfdi_4","ppfd_1","ppfd_2","ppfd_3","ppfd_4","ppfdi_1","ppfdi_2","ppfdi_3","ppfdi_4","eppfd_g","eppfdi_g"
2025-04-23,20.39,-0.064,518.7,0,0,0,0,0,0,0,0,0,0,0,0,0,0,0,0,0.007119999,0
2025-04-23 00:15:00,20.26,-0.062,519.4,0,0,0,0,0,0,0,0,0,0,0,0,0,0,0,0,0.02751889,0.2548
2025-04-23 00:30:00,20.14,-0.061,519.9,0,0,0,0,0,0,0,0,0,0,0,0,0,0,0,0,0.04229667,0.2698
2025-04-23 00:45:00,20.08,-0.059,524.3,0,0,0,0,0,0,0,0,0,0,0,0,0,0,0,0,0.03649444,0.1836
2025-04-23 01:00:00,20.57,-0.042,524,0,0,0,0,0,0,0,0,0,0,0,0,0,0,0,0,0.02570667,0
2025-04-23 01:15:00,20.76,-0.049,526.6,0,0,0,0,0,0,0,0,0,0,0,0,0,0,0,0,0.01611333,0
2025-04-23 01:30:00,20.44,-0.062,522.9,0,0,0,0,0,0,0,0,0,0,0,0,0,0,0,0,0.03846667,0
2025-04-23 01:45:00,20.28,-0.061,525.7,0,0,0,0,0,0,0,0,0,0,0,0,0,0,0,0,0.02185667,0
2025-04-23 02:00:00,20.16,-0.06,526.8,0,0,0,0,0,0,0,0,0,0,0,0,0,0,0,0,0.03422,0
2025-04-23 02:15:00,20.07,-0.059,523.7,0,0,0,0,0,0,0,0,0,0,0,0,0,0,0,0,0.01486667,0
2025-04-23 02:30:00,20.61,-0.046,527.8,0,0,0,0,0,0,0,0,0,0,0,0,0,0,0,0,0.01336667,0
2025-04-23 02:45:00,20.34,-0.06,530.2,0,0,0,0,0,0,0,0,0,0,0,0,0,0,0,0,0.01498667,0
2025-04-23 03:00:00,20.15,-0.061,530.1,0,0,0,0,0,0,0,0,0,0,0,0,0,0,0,0,0.02523,0
2025-04-23 03:15:00,20.06,-0.058,530.4,0,0,0,0,0,0,0,0,0,0,0,0,0,0,0,0,0.02010667,0
2025-04-23 03:30:00,20,-0.058,532.4,0,0,0,0,0,0,0,0,0,0,0,0,0,0,0,0,0.01861333,0
2025-04-23 03:45:00,19.92,-0.058,536.5,0,0,0,0,0,0,0,0,0,0,0,0,0,0,0,0,0.02035667,0
2025-04-23 04:00:00,19.98,-0.052,534.3,0,0,0,0,0,0,0,0,0,0,0,0,0,0,0,0,0.03709333,0
2025-04-23 04:15:00,20.53,-0.047,538.1,0,0,0,0,0,0,0,0,0,0,0,0,0,0,0,0,0.01399,0
2025-04-23 04:30:00,20.16,-0.062,538.2,0,0,0,0,0,0,0,0,0,0,0,0,0,0,0,0,0.03197333,0
2025-04-23 04:45:00,20.09,-0.055,540.3,0,0,0,0,0,0,0,0,0,0,0,0,0,0,0,0,0.03584333,0
2025-04-23 05:00:00,20.35,-0.045,543.8,0,0,0,0,0,0,0,0,0,0,0,0,0,0,0,0,0.02260666,0
2025-04-23 05:15:00,19.8,-0.035,542.8,0,0,0,0,0,0,0,0,0,0,0,0,0,0,0,0,0.01511333,0
2025-04-23 05:30:00,20.35,-0.02,544.6,0,0,0,0,0,0,0,0,0,0,0,0,0,0,0,0,0.004246667,0
2025-04-23 05:45:00,20.47,0.019,553.5,0,0,0,0,0,0,0,0,0,0,0,0,0,0,0,0,0.03372667,0
2025-04-23 06:00:00,19.88,0.006,555,0,0,0,0,0,0,0,0,0,0,0,0,0,0,0,0,0.02286,0
2025-04-23 06:15:00,20.25,0.009,559.3,0,0,0,0,0,0,0,0,0,0,0,0,0,0,0,0,0.02048333,0
2025-04-23 06:30:00,19.78,0.003,556.4,0,0,0,0,0,0,0,0,0,0,0,0,0,0,0,0,0.02697667,0
2025-04-23 06:45:00,20.16,0.002,556.7,0.1758977,0.1974561,0.1756419,0.1734285,0.6414867,0.7041287,0.6560389,0.657693,0.1116969,0.1428172,0.1283857,0.09514756,0.464368,0.5278735,0.5129212,0.4381402,0.194385,0.6333
2025-04-23 07:00:00,19.93,-0.007,557.5,1.658928,1.829651,1.692726,1.70299,3.393938,3.725184,3.459296,3.499969,1.271966,1.405706,1.349712,1.254362,2.632491,2.866869,2.759399,2.621601,1.823814,3.8488
2025-04-23 07:15:00,20.62,-0.01,559.5,8.305284,9.14473,8.474816,8.569379,15.18929,16.7918,15.52722,15.65651,6.398504,6.962147,6.731989,6.447439,11.69161,12.75696,12.30985,11.79614,9.397366,16.3172
2025-04-23 07:30:00,20.57,-0.001,563.3,19.98914,22.09975,20.3942,20.51332,24.88224,27.57477,25.52681,25.54108,15.48148,16.89289,16.26742,15.6056,19.34331,21.20543,20.40401,19.53165,20.95103,26.6607
2025-04-23 07:45:00,20.72,-0.005,568.3,42.60435,47.26184,43.57315,43.80101,66.03747,74.60825,68.05183,67.4222,33.30312,36.48204,34.98164,33.67224,51.55941,57.67996,54.72017,51.84944,46.99122,72.1196
2025-04-23 08:00:00,22.45,0.095,562.4,106.2454,122.3139,107.3798,105.7679,148.2201,173.9794,154.9293,150.5414,81.62762,93.74488,86.33057,80.46803,111.4984,133.0731,129.3624,113.0805,104.149,126.5316
2025-04-23 08:15:00,22.88,0.282,554.7,155.9417,210.4453,173.6915,156.546,166.8173,281.7547,167.5308,163.0316,119.8005,160.3358,135.5482,115.6041,130.4753,214.0035,140.0302,119.1299,134.2332,149.4147
2025-04-23 08:30:00,21.67,0.295,544.5,188.3778,233.6504,195.9616,189.163,192.5423,227.6303,200.7701,196.1295,146.5948,180.8792,157.7536,145.1567,150.5849,176.3198,161.7467,150.8885,182.018,194.3452
2025-04-23 08:45:00,21.16,0.23,531,210.3931,267.2472,231.9822,258.0495,199.7701,287.7446,203.9729,257.9999,166.9774,208.5185,189.9038,194.3336,164.8126,211.7398,164.2151,195.5276,226.5997,211.6668
2025-04-23 09:00:00,21.07,0.165,530,227.4984,294.5092,207.1616,269.7564,212.8205,266.9998,189.2788,239.8209,195.9928,228.6624,166.314,200.4586,177.7655,214.6318,144.4408,177.7295,207.0042,139.4947
2025-04-23 09:15:00,21,0.093,526.1,202.6087,234.8665,195.0261,200.8934,359.4346,266.8929,384.2587,406.6719,160.2807,189.4249,156.5272,149.2051,291.1316,201.9432,316.6293,299.8808,215.3119,524.1152
2025-04-23 09:30:00,21.79,0.108,516.1,448.8502,346.0464,325.8396,438.7082,521.8091,392.0525,541.0658,599.3929,329.1561,277.4516,296.2136,301.5309,391.2814,291.0615,394.9641,347.5736,366.8034,213.001
2025-04-23 09:45:00,22.19,0.265,503.1,443.2409,521.3804,514.3915,498.2204,481.7885,647.5601,564.2952,523.3928,343.6866,382.4244,407.1311,323.2927,344.9093,383.3179,451.634,299.5189,404.1714,368.4681
2025-04-23 10:00:00,22.53,0.385,498.4,355.5436,478.8275,431.0842,333.8958,223.8592,407.4432,355.0995,198.868,241.6848,379.0887,349.1417,221.9634,162.3785,337.3611,303.5179,153.78,368.4182,455.0424
2025-04-23 10:15:00,22.77,0.443,497.2,212.5657,778.8503,727.9268,320.5142,196.2408,998.8445,786.9095,685.114,159.4982,616.163,588.0924,473.3214,154.343,745.5566,628.787,617.6938,653.2728,644.1334
2025-04-23 10:30:00,22.44,0.345,488.3,374.8952,953.6892,671.1593,560.8746,396.182,1012.797,682.312,659.6385,330.3517,753.9755,551.2072,376.962,378.877,808.7336,699.9695,539.3632,705.4127,654.803
2025-04-23 10:45:00,22.64,0.386,486.4,492.3037,905.9457,860.2344,609.5238,599.3924,582.1594,614.1259,659.0847,375.8944,773.1686,688.9302,512.3474,357.2933,736.5149,592.0956,432.4224,608.8248,780.5814
2025-04-23 11:00:00,22.73,0.428,481.6,568.9819,821.3598,940.6493,793.9056,676.4512,982.7424,1023.773,818.4167,377.4312,644.9142,775.7529,562.9194,476.4791,800.0589,756.0118,638.1601,670.3144,555.7641
2025-04-23 11:15:00,23.13,0.44,484.7,694.7063,1001.919,1002.84,579.0745,796.1356,1071.811,1016.773,381.1947,539.2867,804.3923,843.2635,398.2495,666.9076,857.7952,781.3582,547.7866,608.3588,588.1886
2025-04-23 11:30:00,23.15,0.462,482.4,586.6264,737.0725,683.3542,505.7105,478.4015,579.0022,535.8113,483.7959,477.5984,586.2678,551.8491,491.8894,385.306,465.6822,443.0415,402.5325,442.2809,475.5495
2025-04-23 11:45:00,23.38,0.475,481.3,650.7759,885.7397,776.3801,636.87,484.3137,1099.436,1024.983,757.054,513.8395,716.0629,640.2456,586.6993,463.7852,845.3015,822.6888,760.1348,453.5198,346.9754
2025-04-23 12:00:00,23.57,0.487,479.5,656.6992,860.4713,765.7806,574.0272,643.2304,727.0198,640.7708,456.1012,623.7422,698.6638,600.0891,541.8068,544.2129,578.049,423.0624,376.4254,530.3271,888.8319
2025-04-23 12:15:00,23.53,0.459,478,528.7852,572.3611,487.9382,467.9846,397.0159,439.5363,404.6512,400.5022,435.5145,465.7032,394.8362,397.5116,316.0533,346.2889,328.8707,313.6345,443.9434,418.8139
2025-04-23 12:30:00,23.11,0.416,477.2,349.4123,387.2474,357.3847,347.7706,400.9121,440.815,411.5193,402.2498,278.7853,306.5553,290.4854,273.3602,321.5312,350.8903,337.7874,321.0128,336.0841,373.0365
2025-04-23 12:45:00,23.83,0.458,479.2,731.9792,761.5399,609.1765,559.0292,1246.816,1332.746,1196.181,829.545,578.4052,585.088,532.1223,521.1914,1035.918,1075.403,1030.359,1010.95,716.438,1078.601
2025-04-23 13:00:00,24.18,0.575,478,777.8536,812.1233,764.1427,592.5917,222.3031,249.7266,233.3763,223.3083,552.1923,638.6932,635.0989,613.8842,175.877,194.4903,189.3119,171.7783,407.4963,207.0722
2025-04-23 13:15:00,22.91,0.413,482.9,247.7433,261.9227,232.7755,225.8909,254.4361,261.5002,236.4948,215.0967,195.9819,207.8013,199.9343,184.8828,207.1633,209.9352,196.5763,173.0168,221.8287,205.1534
2025-04-23 13:30:00,22.56,0.281,478.1,200.9001,203.3458,203.3167,201.4264,362.799,345.3347,362.3441,331.014,156.1976,161.8575,166.6955,158.9705,278.3758,279.0514,300.866,275.0356,214.2032,445.5796
2025-04-23 13:45:00,23.22,0.228,482.4,339.7477,413.651,444.8968,362.5139,322.1211,334.4392,333.9842,332.6781,279.9499,274.2022,366.7115,346.5004,256.31,261.8146,273.6703,260.1653,319.3741,333.8549
2025-04-23 14:00:00,23.44,0.262,480.5,409.2695,370.2303,445.043,349.8771,675.9167,714.9221,778.8163,415.8961,291.8389,331.4049,367.7436,273.3383,548.1411,583.5829,621.2828,301.2982,462.1992,277.7714
2025-04-23 14:15:00,25.09,0.465,477.9,539.8329,1041.237,1097.54,953.6382,313.2757,1225.981,1305.982,1104.704,455.2746,801.7367,934.2467,714.197,252.6878,951.3839,1180.636,1056.378,1156.745,1211.834
2025-04-23 14:30:00,25.88,0.743,474.9,709.4492,1062.332,1112.37,1013.061,1170.954,1086.318,1075.359,926.7842,569.0709,870.2299,832.015,783.8594,1010.123,965.056,310.0646,488.1574,1103.827,1192.893
2025-04-23 14:45:00,26.23,0.857,473.4,1200.216,1164.253,626.9094,1200.985,1221.902,1009.337,1186.391,1182.892,1003.446,953.2932,673.4601,843.06,995.6874,855.5898,993.1594,907.7854,1208.446,1209.87
2025-04-23 15:00:00,26.46,0.887,470.6,1225.768,633.1881,938.361,872.8519,1232.312,598.8782,1131.936,978.0271,966.8911,547.0462,803.8836,703.2276,817.7756,845.9323,1000.034,903.7961,1061.887,1196.652
2025-04-23 15:15:00,26.8,0.952,471.4,1110.891,1026.017,1124.682,1128.88,1170.198,1068.664,1123.355,1183.45,835.4733,777.262,980.2753,746.4929,862.7969,883.8267,989.0985,663.5925,1077.967,277.674
2025-04-23 15:30:00,26.91,1.009,468.1,898.8148,844.3115,1110.095,995.0142,1111.028,1007.747,1137.53,950.7119,714.42,660.0104,946.8672,815.8802,892.6024,768.6147,955.9963,785.1649,869.1058,317.2491
2025-04-23 15:45:00,26.31,0.983,467.2,867.4587,833.3037,889.1216,773.8318,1068.913,1012.789,1189.23,680.184,697.3445,647.5807,670.2975,624.0312,870.3853,830.5734,491.6039,477.5674,707.8995,1052.162
2025-04-23 16:00:00,27.3,1.053,470.7,1056.831,1008.422,956.2476,1036.715,1071.018,977.6442,677.9693,1009.327,769.4661,793.9571,545.0465,799.8054,707.0751,765.6622,719.7772,865.5091,1074.106,1091.403
2025-04-23 16:15:00,26.73,1.071,467.2,777.7523,555.1663,552.4249,688.5712,447.0569,391.791,399.8036,883.6863,643.3587,479.6265,457.5438,594.3961,562.8238,237.3043,345.9783,280.4665,914.4951,974.6342
2025-04-23 16:30:00,26.7,1.016,465.6,467.2585,349.3636,369.1862,631.9764,224.1113,217.1608,222.7502,225.5155,322.5262,254.7991,435.3272,449.0335,176.9836,169.2809,180.3862,176.3376,673.1927,213.6605
2025-04-23 16:45:00,24.77,0.777,464.8,332.5191,246.194,281.1586,346.6485,798.5651,335.5432,760.437,875.4846,267.5926,192.8506,265.2269,277.2089,727.2932,258.2694,683.0506,736.7936,342.649,323.0879
2025-04-23 17:00:00,25.46,0.815,465.9,480.8782,394.9828,583.0052,644.8298,437.1208,363.449,418.1114,373.9307,372.9788,308.4466,496.0304,504.9037,334.9106,275.4311,325.0392,307.4627,400.7411,236.0939
2025-04-23 17:15:00,24.97,0.747,466.9,386.9523,342.9786,369.4581,396.1063,251.9339,233.7932,244.4161,256.5691,317.7032,266.2483,294.3516,311.7738,200.9676,183.3387,200.6684,203.3853,386.2146,302.6071
2025-04-23 17:30:00,25.64,0.8,468.3,590.3066,486.8633,582.6205,626.7391,634.4352,531.5716,581.7893,582.8201,461.2491,367.5839,480.9002,492.7556,514.7091,415.5888,480.9569,471.7072,542.2275,684.7541
2025-04-23 17:45:00,24,0.703,467.4,278.2364,252.6193,258.0596,274.7437,76.98426,82.51746,80.53738,81.16762,218.5655,192.675,225.1115,221.0105,61.78942,64.81588,65.69407,63.70931,233.0943,98.9152
2025-04-23 18:00:00,21.78,0.569,475.9,103.0054,108.231,105.8322,106.5342,82.59297,85.38474,84.07066,85.03909,82.50372,84.94664,86.11437,83.41366,65.90225,66.84276,68.81992,65.73691,101.939,78.0259
2025-04-23 18:15:00,22.52,0.575,475,60.88239,63.2299,62.57442,61.72698,37.63745,39.85587,38.75683,37.86946,48.50596,49.43084,51.21816,47.81713,29.72362,30.81264,31.51127,29.39701,55.2888,30.8505
2025-04-23 18:30:00,22.6,0.579,475.6,20.06922,20.89037,20.68279,20.0041,10.82997,11.26781,11.22712,11.06752,15.77202,16.12457,16.72468,15.47685,8.488267,8.677656,9.05852,8.517808,17.09533,9.2604
2025-04-23 18:45:00,23.13,0.59,479.2,7.216324,7.529565,7.389698,7.301888,5.157273,5.303452,5.240849,5.159638,5.634028,5.797646,5.941909,5.615533,3.999897,4.054619,4.202027,3.951721,6.574512,4.5946
2025-04-23 19:00:00,22.8,0.504,483.6,5.039552,5.100936,5.088244,5.044701,5.695826,5.758652,5.764103,5.708969,3.904625,3.914157,4.0788,3.858354,4.417374,4.436085,4.648279,4.358693,4.952052,5.213
2025-04-23 19:15:00,22.46,0.434,481.6,5.732266,5.798613,5.863257,5.762701,5.751518,5.807109,5.909297,5.831952,4.424278,4.453676,4.691714,4.392188,4.40754,4.456001,4.720361,4.41975,5.644245,5.6777
2025-04-23 19:30:00,22.26,0.363,481.5,6.05944,6.08366,6.105448,6.139645,6.775704,6.863659,6.820942,6.86201,4.641987,4.638064,4.847091,4.638468,5.209605,5.242808,5.429549,5.181433,6.17404,6.9743
2025-04-23 19:45:00,22.18,0.3,486.4,6.085984,6.228343,6.180823,6.147372,4.615301,4.780337,4.661754,4.619807,4.689322,4.757231,4.934731,4.645709,3.530387,3.612999,3.704855,3.497439,5.781557,3.9125
2025-04-23 20:00:00,21.95,0.24,487.4,3.166022,3.215289,3.182105,3.17063,2.12261,2.132602,2.124179,2.132881,2.412782,2.430283,2.517653,2.377258,1.614187,1.615443,1.682719,1.583121,2.800138,1.7876
2025-04-23 20:15:00,21.81,0.184,484.9,1.194883,1.233466,1.212642,1.211991,0.4402,0.466527,0.4534011,0.4405784,0.9138803,0.9522288,0.9650407,0.8974852,0.3309583,0.3800494,0.3607341,0.2938701,0.9695489,0
2025-04-23 20:30:00,21.76,0.142,489.3,0.1293703,0.1353254,0.1235153,0.1196888,0,0,0,0,0.08128022,0.1040927,0.09131102,0.06640162,0,0,0,0,0.05508,0
2025-04-23 20:45:00,21.62,0.109,490.7,0,0,0,0,0,0,0,0,0,0,0,0,0,0,0,0,0.03335,0
2025-04-23 21:00:00,21.55,0.081,492.2,0,0,0,0,0,0,0,0,0,0,0,0,0,0,0,0,0.03297666,0
2025-04-23 21:15:00,21.44,0.057,493.8,0,0,0,0,0,0,0,0,0,0,0,0,0,0,0,0,0.03447333,0
2025-04-23 21:30:00,21.32,0.039,495.4,0,0,0,0,0,0,0,0,0,0,0,0,0,0,0,0,0.02622667,0
2025-04-23 21:45:00,21.22,0.02,497.1,0,0,0,0,0,0,0,0,0,0,0,0,0,0,0,0,0.01873333,0
2025-04-23 22:00:00,21.14,0.005,499.2,0,0,0,0,0,0,0,0,0,0,0,0,0,0,0,0,0.01710667,0
2025-04-23 22:15:00,21.05,-0.013,501.6,0,0,0,0,0,0,0,0,0,0,0,0,0,0,0,0,0.00387,0
2025-04-23 22:30:00,20.97,-0.022,499.7,0,0,0,0,0,0,0,0,0,0,0,0,0,0,0,0,0.02011,0
2025-04-23 22:45:00,20.81,-0.017,499.1,0,0,0,0,0,0,0,0,0,0,0,0,0,0,0,0,0.04821,0
2025-04-23 23:00:00,20.64,-0.018,497.6,0,0,0,0,0,0,0,0,0,0,0,0,0,0,0,0,0.007619999,0
2025-04-23 23:15:00,20.47,-0.017,500.5,0,0,0,0,0,0,0,0,0,0,0,0,0,0,0,0,0.02347666,0
2025-04-23 23:30:00,20.78,-0.001,502.9,0,0,0,0,0,0,0,0,0,0,0,0,0,0,0,0,0.03123,0
2025-04-23 23:45:00,20.8,0.028,507.9,0,0,0,0,0,0,0,0,0,0,0,0,0,0,0,0,0.01161667,0
2025-04-24,20.55,0.005,504.9,0,0,0,0,0,0,0,0,0,0,0,0,0,0,0,0,0.03585,0
2025-04-24 00:15:00,20.4,-0.015,504.2,0,0,0,0,0,0,0,0,0,0,0,0,0,0,0,0,0,0
2025-04-24 00:30:00,20.36,-0.037,505.5,0,0,0,0,0,0,0,0,0,0,0,0,0,0,0,0,0.01561,0
2025-04-24 00:45:00,20.88,-0.004,508.1,0,0,0,0,0,0,0,0,0,0,0,0,0,0,0,0,0.01575722,0.1387
2025-04-24 01:00:00,20.66,-0.026,506.6,0,0,0,0,0,0,0,0,0,0,0,0,0,0,0,0,0.01259611,0
2025-04-24 01:15:00,20.5,-0.055,505.1,0,0,0,0,0,0,0,0,0,0,0,0,0,0,0,0,0.02897333,0
2025-04-24 01:30:00,20.35,-0.06,509.3,0,0,0,0,0,0,0,0,0,0,0,0,0,0,0,0,0.04621333,0
2025-04-24 01:45:00,20.25,-0.059,506.5,0,0,0,0,0,0,0,0,0,0,0,0,0,0,0,0,0.005619999,0
2025-04-24 02:00:00,20.18,-0.058,513.4,0,0,0,0,0,0,0,0,0,0,0,0,0,0,0,0,0.01811,0
2025-04-24 02:15:00,20.21,-0.054,508.7,0,0,0,0,0,0,0,0,0,0,0,0,0,0,0,0,0.005493333,0
2025-04-24 02:30:00,20.82,-0.045,513.2,0,0,0,0,0,0,0,0,0,0,0,0,0,0,0,0,0.01836,0
2025-04-24 02:45:00,20.57,-0.059,513.2,0,0,0,0,0,0,0,0,0,0,0,0,0,0,0,0,0.02822333,0
2025-04-24 03:00:00,20.46,-0.059,512,0,0,0,0,0,0,0,0,0,0,0,0,0,0,0,0,0.005493333,0
2025-04-24 03:15:00,20.27,-0.061,511.9,0,0,0,0,0,0,0,0,0,0,0,0,0,0,0,0,0.02086,0
2025-04-24 03:30:00,20.12,-0.06,514.1,0,0,0,0,0,0,0,0,0,0,0,0,0,0,0,0,0.03166333,0.1236
2025-04-24 03:45:00,20.72,-0.045,516,0,0,0,0,0,0,0,0,0,0,0,0,0,0,0,0,0.0419,0
2025-04-24 04:00:00,20.45,-0.06,520.3,0,0,0,0,0,0,0,0,0,0,0,0,0,0,0,0,0.02473333,0
2025-04-24 04:15:00,20.33,-0.056,519.5,0,0,0,0,0,0,0,0,0,0,0,0,0,0,0,0,0.02872667,0
2025-04-24 04:30:00,20.81,-0.049,518.9,0,0,0,0,0,0,0,0,0,0,0,0,0,0,0,0,0.05258333,0
2025-04-24 04:45:00,20.36,-0.062,519.7,0,0,0,0,0,0,0,0,0,0,0,0,0,0,0,0,0.02161,0
2025-04-24 05:00:00,20.32,-0.056,519.1,0,0,0,0,0,0,0,0,0,0,0,0,0,0,0,0,0.02460667,0
2025-04-24 05:15:00,20.65,-0.053,523.3,0,0,0,0,0,0,0,0,0,0,0,0,0,0,0,0,0.008616666,0
2025-04-24 05:30:00,20.36,-0.06,523.9,0,0,0,0,0,0,0,0,0,0,0,0,0,0,0,0,0.02385333,0
2025-04-24 05:45:00,20.78,-0.05,529,0,0,0,0,0,0,0,0,0,0,0,0,0,0,0,0,0.03285333,0
2025-04-24 06:00:00,20.27,-0.065,524.3,0,0,0,0,0,0,0,0,0,0,0,0,0,0,0,0,0.02035667,0
2025-04-24 06:15:00,20.43,-0.05,524.1,0,0,0,0,0,0,0,0,0,0,0,0,0,0,0,0,0.02398333,0
2025-04-24 06:30:00,20.56,-0.056,532.5,0,0,0,0,0,0,0,0,0,0,0,0,0,0,0,0,0.04283667,0
2025-04-24 06:45:00,20.15,-0.064,528.4,0.1719171,0.1748287,0.165616,0.1726306,0.629074,0.6605283,0.6361026,0.645838,0.1126204,0.1302556,0.1248867,0.09208591,0.4664109,0.502015,0.4964342,0.4397539,0.1861594,0.5021
2025-04-24 07:00:00,20.58,-0.046,532.6,2.063811,2.157046,2.111914,2.124665,3.838825,4.02643,3.96113,3.934655,1.585061,1.642232,1.683325,1.554841,2.984824,3.074911,3.177011,2.952916,2.179781,4.3135
2025-04-24 07:15:00,20.27,-0.061,534.1,7.55281,7.887553,7.780171,7.756173,11.92135,12.45822,12.28945,12.21592,5.883952,6.015734,6.243454,5.850393,9.268462,9.462813,9.852489,9.212431,8.242561,12.9106
2025-04-24 07:30:00,20.76,-0.038,533.4,18.36001,19.00009,18.89915,18.85615,26.50945,27.7897,27.35518,27.53544,14.28817,14.47415,15.11304,14.21783,20.75414,21.31964,21.92315,20.76607,19.68123,29.0142
2025-04-24 07:45:00,21.22,-0.019,536.1,38.87151,40.69695,39.87884,40.30837,58.74223,61.45105,60.2618,60.73265,30.47223,31.22803,32.03373,30.59281,45.92125,46.97424,48.34672,46.05989,42.10053,59.2015
2025-04-24 08:00:00,21.7,0.005,533.4,61.53523,64.40633,63.27813,63.82214,56.38467,58.02464,57.43846,58.24385,48.37173,49.51763,50.96305,48.5912,44.47715,44.49131,46.29496,44.59696,61.10566,49.7387
2025-04-24 08:15:00,22.08,0.016,534.2,63.88863,66.41687,65.33727,66.32556,69.33694,72.32799,71.01362,72.42324,50.43133,51.12732,52.68671,50.70921,54.88505,55.75172,57.27729,55.47904,65.81535,68.6118
2025-04-24 08:30:00,22.61,0.033,531.3,71.95464,74.73432,73.75719,74.4632,68.60307,71.65919,70.79741,71.33818,56.91497,57.60545,59.65611,57.08646,54.35836,55.50801,57.36462,54.78269,72.14689,64.5756
2025-04-24 08:45:00,22.94,0.057,531.7,76.46529,79.20019,78.46252,78.95128,83.53967,86.57717,85.56448,86.82067,60.62811,61.30759,63.56124,60.63591,66.31164,67.14935,69.33846,66.66795,78.67834,88.6804
2025-04-24 09:00:00,23.61,0.091,530.3,110.5208,115.1609,113.3723,114.6889,146.7188,152.794,150.3084,150.7639,87.72141,89.11174,91.85437,88.17294,116.1911,118.0724,121.8285,115.7975,119.0491,185.6469
2025-04-24 09:15:00,22.93,0.108,524,171.3118,181.2054,177.1869,177.1847,113.9126,120.6956,118.0307,118.3453,135.2275,140.0271,143.3787,135.2319,90.7407,93.99039,95.82428,91.00165,164.4597,112.6503
2025-04-24 09:30:00,22.71,0.169,520.4,122.5092,128.8801,126.2154,127.0296,142.5482,150.4945,147.3289,147.9704,97.40324,99.99895,102.4711,97.72272,113.2982,116.9056,119.4655,113.6818,126.8406,144.9101
2025-04-24 09:45:00,22.78,0.139,518.8,179.301,187.3553,183.8125,185.525,208.5946,217.172,212.7149,216.1348,142.4381,145.0966,149.1061,142.8094,165.3511,168.0315,172.2374,166.2473,186.7436,181.1047
2025-04-24 10:00:00,21.45,0.089,508.7,198.2932,206.6031,202.5312,205.2712,206.9528,218.1331,214.7366,213.0055,157.2871,159.3522,163.8969,157.9386,164.0186,168.5844,173.9401,163.225,200.2567,196.6163
2025-04-24 10:15:00,22.08,0.065,506.5,161.3917,168.8422,166.3402,167.244,130.9638,138.1007,135.3565,135.9333,128.2948,130.691,134.9082,128.6777,103.8199,106.4613,109.7166,104.4425,155.5445,128.6415
2025-04-24 10:30:00,21.81,0.093,506.2,143.8301,151.1049,148.1923,149.4219,196.2332,201.4316,199.5898,201.9989,114.6165,117.549,120.6062,114.988,156.5249,156.4372,162.7292,155.7556,150.9871,233.5643
2025-04-24 10:45:00,21.11,0.004,506.6,219.3679,232.0733,226.7598,227.8541,189.3882,196.4958,194.8267,195.3139,174.9117,180.9701,184.6054,175.4588,150.6862,152.7601,158.6452,150.1514,219.2228,196.1553
2025-04-24 11:00:00,21.15,-0.01,501.6,188.9103,199.1805,194.5572,196.053,154.6787,161.2759,158.3672,159.746,150.5368,155.2374,158.4036,151.0943,123.3471,125.4425,128.6897,123.292,184.115,135.8745
2025-04-24 11:15:00,21.71,0.04,500,155.423,161.9153,160.611,161.3454,173.8713,184.0379,181.8249,180.7642,123.6062,125.2748,130.4088,124.275,138.1018,143.1463,147.6552,138.6323,163.922,231.7729
2025-04-24 11:30:00,20.86,-0.043,497.2,228.8593,240.0889,237.0039,236.8607,252.8811,269.214,263.2253,262.279,182.2235,186.7217,192.8914,181.969,201.1651,210.1678,214.6722,201.228,235.6307,239.5792
2025-04-24 11:45:00,21.26,-0.063,498,291.9952,307.0684,302.1412,302.6364,332.7765,347.4266,343.6886,343.07,232.6066,239.4381,246.0451,232.5951,264.6748,271.0839,279.4793,263.4716,304.8402,383.4962
2025-04-24 12:00:00,22.06,0.017,497.2,326.3511,343.037,337.4224,336.8763,305.909,323.3093,316.6408,317.884,259.6847,265.8929,274.0205,259.7745,244.0712,250.3821,256.7743,245.6713,323.7365,303.0118
2025-04-24 12:15:00,22.25,0.087,494.9,276.8198,289.1012,284.2436,286.4088,287.11,294.8824,292.0349,295.5727,220.0661,222.9995,230.2936,220.8582,228.5525,227.5261,237.3961,227.2725,282.4805,358.6905
2025-04-24 12:30:00,22.67,0.167,493.8,366.7428,380.3592,374.1866,375.1136,356.6443,372.4303,362.8951,365.5406,292.1195,296.4249,304.0723,292.0388,283.5623,288.1924,294.2047,283.3031,371.0503,349.61
2025-04-24 12:45:00,23.12,0.264,490.1,374.8293,388.6333,382.0839,384.8844,435.9126,455.3258,436.6499,439.6081,298.5147,301.7094,310.5133,298.1725,346.9888,356.0647,355.9608,342.2992,392.3721,445.4747
2025-04-24 13:00:00,23.28,0.215,488.6,583.7999,624.175,636.6299,577.2746,493.1587,514.8783,516.5298,506.3193,457.4749,496.8289,525.9925,500.0176,394.9578,403.8648,421.0703,396.7021,527.8241,538.1614
2025-04-24 13:15:00,22.57,0.201,484.3,399.4935,419.0227,412.7747,406.0273,249.5495,264.4281,259.3302,252.4989,320.6085,326.9117,335.3364,319.154,198.1672,206.0338,210.843,196.6308,378.5897,271.1531
2025-04-24 13:30:00,21.57,0.114,482.2,234.3224,246.0455,240.7813,239.7854,268.8137,283.4758,278.5501,274.8293,186.2983,190.6004,194.9099,187.29,213.8956,221.2004,226.6945,213.952,240.4486,301.2429
2025-04-24 13:45:00,21.46,0.031,482.8,297.3212,308.7515,304.8839,303.6803,316.5516,330.3346,325.1041,324.6136,236.7386,239.6751,247.1732,236.9824,251.8287,256.6588,263.4755,253.2557,305.572,331.8911
2025-04-24 14:00:00,21.88,0.056,482.8,369.034,383.2634,384.227,374.7576,406.7954,424.7076,425.9348,415.8535,293.9943,299.3804,312.8155,291.7082,325.0096,331.9881,346.9858,321.312,385.6673,444.0768
2025-04-24 14:15:00,23.06,0.208,486.6,471.3084,542.136,544.3737,524.7637,562.8562,668.9438,672.5215,646.4258,377.4493,422.1557,444.2871,416.3861,451.2795,521.7901,549.4339,521.2125,555.7872,670.0222
2025-04-24 14:30:00,23.15,0.266,481.4,499.9645,530.9645,528.9455,521.2878,571.1604,578.1846,548.8857,557.4758,400.7701,414.8704,430.6703,409.4809,460.3133,457.4256,440.7243,425.3561,524.3013,602.8307
2025-04-24 14:45:00,24.08,0.28,479.3,863.0479,790.5296,803.5253,871.1198,1216.81,694.4057,1178.782,1170.733,696.8123,638.2788,708.4197,654.1326,949.5754,586.3893,964.0685,886.8846,878.8032,1034.51
2025-04-24 15:00:00,24.5,0.425,480.1,789.5619,641.2388,759.5881,718.4435,986.2371,766.4672,996.9821,907.8963,624.0017,510.4503,627.3752,571.8127,765.7798,746.681,809.8349,761.9266,805.9846,902.0012
2025-04-24 15:15:00,23.81,0.423,478.9,510.5472,493.3303,526.8382,514.997,352.3443,356.9907,352.058,354.6539,395.7822,387.9351,434.651,408.6768,277.9019,278.7342,286.8897,275.0301,466.7724,287.2717
2025-04-24 15:30:00,22.94,0.292,476.5,305.2388,310.7798,307.9774,309.6727,354.3227,358.9329,357.5579,362.5538,241.8457,241.8794,250.2609,242.0788,281.9878,279.7347,291.4125,283.7813,314.6579,379.9471
2025-04-24 15:45:00,23.35,0.26,477.2,435.8102,436.6447,437.5203,435.6752,255.5833,266.7386,265.7174,260.9457,347.2854,341.3676,354.4621,341.8619,203.8681,208.3967,216.8649,204.1226,435.4997,264.5685
2025-04-24 16:00:00,22.3,0.181,475.8,189.8625,197.7222,194.7339,192.3028,137.9686,142.1489,139.9816,139.7907,150.5551,153.7895,158.7533,150.2189,109.0899,110.2357,113.279,108.7697,177.3955,140.6115
2025-04-24 16:15:00,21.53,0.043,475.3,126.7648,131.98,129.496,129.5494,101.6466,105.187,103.7482,104.2202,99.82882,101.431,104.5258,100.8636,79.54401,79.59269,83.02033,80.79292,125.8153,103.7647
2025-04-24 16:30:00,21.97,-0.035,478,102.1422,103.5637,102.5271,103.9525,104.9094,105.6901,104.3595,107.0172,80.28806,77.81094,81.84148,81.29024,82.8764,79.57735,83.64568,83.85329,108.2506,110.6379
2025-04-24 16:45:00,22.71,-0.018,478.6,107.717,109.1144,106.5472,110.7306,108.6564,111.3392,108.8669,110.315,85.46697,82.59999,85.42678,86.96945,86.57269,85.3117,88.11977,87.05112,111.3287,66.2583
2025-04-24 17:00:00,22.83,-0.027,491,55.08895,57.19035,56.62432,56.57696,108.1585,111.2295,110.4448,110.6079,43.72309,43.66,45.65381,44.16494,86.3679,85.50557,89.48822,86.49998,60.45745,126.3442
2025-04-24 17:15:00,23.11,-0.056,483.6,239.1003,232.6341,235.6885,249.1842,275.9318,277.5017,271.0736,286.0411,190.458,178.2464,189.3214,197.5095,221.1202,213.0859,219.5071,225.6121,258.4908,239.4855
2025-04-24 17:30:00,22.49,-0.095,477.9,188.7836,189.8365,187.55,193.5735,148.1425,150.2632,146.127,152.4998,151.0161,145.4952,151.8055,151.9626,118.9758,115.7366,118.0788,119.6889,182.7181,146.0381
2025-04-24 17:45:00,22.6,-0.055,475.3,92.82346,96.40015,94.45695,95.76,68.26813,72.00299,70.31255,70.36282,74.31715,74.48581,76.72034,74.85329,54.82328,56.12716,57.49184,54.81589,86.62246,68.5743
2025-04-24 18:00:00,23.35,0.033,480.4,45.91096,48.00031,46.5868,47.43243,55.20599,56.97659,54.45038,57.87967,36.69047,37.11251,37.79015,36.97876,43.99865,43.82458,43.90764,45.26889,45.65607,63.7549
2025-04-24 18:15:00,23.36,0.046,479.4,86.78036,91.17992,87.82105,89.31355,64.75463,67.63954,66.81233,65.93169,68.94551,69.54498,71.00806,69.89804,51.28133,52.05502,54.25327,51.18082,90.86243,71.2651
2025-04-24 18:30:00,23.53,0.071,479.5,79.29721,82.3977,80.14029,81.31117,114.2541,119.0151,116.0532,117.8034,63.14326,63.29811,64.91302,63.37533,91.29034,91.43795,94.42518,91.99326,86.34731,112.9839
2025-04-24 18:45:00,23.19,0.03,482.9,89.31666,93.32381,91.34476,92.0624,97.85529,102.2385,100.089,100.68,71.0565,71.57423,74.05135,71.70367,78.06009,78.94643,81.35485,78.33244,90.40827,100.9427
2025-04-24 19:00:00,23.14,-0.001,478.6,95.17352,97.5491,96.83398,98.44596,77.14169,78.35884,77.02814,79.8786,75.90001,75.35513,78.5101,76.57894,61.2828,60.37894,62.59739,62.29596,97.18684,79.7423
2025-04-24 19:15:00,23.16,0.038,484.1,69.80016,70.82515,70.16116,72.26734,69.01104,68.60595,67.00019,72.67116,55.48307,54.21998,56.68238,56.36695,54.88369,52.45594,53.35358,56.87444,72.74384,69.5375
2025-04-24 19:30:00,23.58,0.027,486.2,61.82487,61.8959,61.49063,64.34875,57.19651,56.25027,56.73206,59.29297,48.8966,46.81304,49.12221,50.11056,45.00368,42.3774,45.25322,46.14171,65.04547,58.5306
2025-04-24 19:45:00,22.98,0.048,482.8,41.33421,41.2166,41.38706,42.55403,27.24265,27.71453,27.79121,27.90826,32.55918,31.16529,33.11184,33.09867,21.45397,21.0542,22.36901,21.64104,41.37618,27.2304
2025-04-24 20:00:00,22.97,0.002,493.4,20.48618,20.5824,20.71479,21.07874,12.82171,12.91227,13.04829,13.26129,15.99367,15.55796,16.48707,16.22218,9.963207,9.755094,10.3508,10.16579,20.47606,11.9812
2025-04-24 20:15:00,22.71,-0.002,493.4,6.906265,6.969285,6.977139,7.116807,2.593553,2.657334,2.626069,2.649493,5.33688,5.263894,5.517412,5.404872,1.985938,2.02353,2.072272,1.978621,6.154793,1.8963
2025-04-24 20:30:00,22.18,-0.028,491.6,0.9614597,0.9736487,0.9548889,0.9725244,0.1436431,0.1411159,0.1301825,0.1406551,0.723215,0.7437146,0.7508872,0.6832029,0,0.1243471,0.100671,0,0.678905,0.2286
2025-04-24 20:45:00,21.93,-0.067,495.5,0.01388066,0.01219197,0.007453835,0.008440529,0,0,0,0,0,0.006189024,0,0,0,0,0,0,0.03857333,0
2025-04-24 21:00:00,21.81,-0.066,496.3,0,0,0,0,0,0,0,0,0,0,0,0,0,0,0,0,0.02135333,0
2025-04-24 21:15:00,21.7,-0.065,495.9,0,0,0,0,0,0,0,0,0,0,0,0,0,0,0,0,0.008743334,0
2025-04-24 21:30:00,21.63,-0.064,494.7,0,0,0,0,0,0,0,0,0,0,0,0,0,0,0,0,0,0
2025-04-24 21:45:00,21.61,-0.063,497.2,0,0,0,0,0,0,0,0,0,0,0,0,0,0,0,0,0.003873333,0
2025-04-24 22:00:00,21.66,-0.061,496.1,0,0,0,0,0,0,0,0,0,0,0,0,0,0,0,0,0.009993333,0
2025-04-24 22:15:00,21.6,-0.063,496.2,0,0,0,0,0,0,0,0,0,0,0,0,0,0,0,0,0.02485333,0
2025-04-24 22:30:00,21.51,-0.064,495.1,0,0,0,0,0,0,0,0,0,0,0,0,0,0,0,0,0.01061667,0
2025-04-24 22:45:00,21.24,-0.069,489.8,0,0,0,0,0,0,0,0,0,0,0,0,0,0,0,0,0.05246333,0
2025-04-24 23:00:00,20.94,-0.069,492.3,0,0,0,0,0,0,0,0,0,0,0,0.0006542537,0,0,0,0,0.02398,0
2025-04-24 23:15:00,20.75,-0.065,492.2,0,0,0,0,0,0,0,0,0,0,0,0,0,0,0,0,0.02959667,0
2025-04-24 23:30:00,20.92,-0.053,500.9,0.005992226,0.05598744,0.04650927,0.06423824,0,0,0,0,0.005413489,0.02947158,0.1393934,0.0470346,0,0,0,0,0.02984667,0
2025-04-24 23:45:00,21.12,-0.056,503.8,0,0,0,0,0,0,0,0,0,0,0,0,0,0,0,0,0.01161667,0
2025-04-25,20.8,-0.064,503,0,0,0,0,0,0,0,0,0,0,0,0,0,0,0,0,0.02323,0
2025-04-25 00:15:00,20.51,-0.064,502,0,0,0,0,0,0,0,0,0,0,0,0,0,0,0,0,0.02510667,0
2025-04-25 00:30:00,20.41,-0.059,504,0,0,0,0,0,0,0,0,0,0,0,0,0,0,0,0,0.005493333,0
2025-04-25 00:45:00,20.44,-0.056,503.1,0,0,0,0,0,0,0,0,0,0,0,0,0,0,0,0,0.01369611,0.1049
2025-04-25 01:00:00,20.36,-0.059,503.1,0,0,0,0,0,0,0,0,0,0,0,0,0,0,0,0,0.04126056,0
2025-04-25 01:15:00,20.13,-0.062,502.3,0,0,0,0,0,0,0,0,0,0,0,0,0,0,0,0,0.01998333,0
2025-04-25 01:30:00,19.93,-0.061,503.7,0,0,0,0,0,0,0,0,0,0,0,0,0,0,0,0,0.02623,0
2025-04-25 01:45:00,20.46,-0.045,504,0,0,0,0,0,0,0,0,0,0,0,0,0,0,0,0,0.02473333,0
2025-04-25 02:00:00,20.17,-0.059,505.8,0,0,0,0,0,0,0,0,0,0,0,0,0,0,0,0,0,0
2025-04-25 02:15:00,19.83,-0.062,505.2,0,0,0,0,0,0,0,0,0,0,0,0.0007369316,0,0,0,0,0.003496667,0
2025-04-25 02:30:00,20.1,-0.046,509,0,0,0,0,0,0,0,0,0,0,0,0,0,0,0,0,0.007866667,0
2025-04-25 02:45:00,19.96,-0.053,511.1,0,0,0,0,0,0,0,0,0,0,0,0,0,0,0,0,0.02360667,0
2025-04-25 03:00:00,20.13,-0.04,516.4,0,0,0,0,0,0,0,0,0,0,0,0,0,0,0,0,0.01149333,0
2025-04-25 03:15:00,19.92,-0.019,517.8,0,0,0,0,0,0,0,0,0,0,0,0,0,0,0,0,0.04308666,0
2025-04-25 03:30:00,20.07,-0.04,518.6,0,0,0,0,0,0,0,0,0,0,0,0,0,0,0,0,0.02623,0
2025-04-25 03:45:00,20.32,-0.051,523.3,0,0,0,0,0,0,0,0,0,0,0,0,0,0,0,0,0.01299,0
2025-04-25 04:00:00,19.97,-0.06,527.5,0,0,0,0,0,0,0,0,0,0,0,0,0,0,0,0,0.0286,0
2025-04-25 04:15:00,19.98,-0.05,529.3,0,0,0,0,0,0,0,0,0,0,0,0,0,0,0,0,0.01648333,0
2025-04-25 04:30:00,20.05,-0.043,532.8,0,0,0,0,0,0,0,0,0,0,0,0,0,0,0,0,0.01107611,0.1049
2025-04-25 04:45:00,19.84,-0.037,532.2,0,0,0,0,0,0,0,0,0,0,0,0,0,0,0,0,0.03463389,0
2025-04-25 05:00:00,20.01,0.003,539.2,0,0,0,0,0,0,0,0,0,0,0,0,0,0,0,0,0.04196667,0
2025-04-25 05:15:00,20.04,-0.022,538.6,0,0,0,0,0,0,0,0,0,0,0,0,0,0,0,0,0.03022666,0
2025-04-25 05:30:00,19.93,-0.008,544.8,0,0,0,0,0,0,0,0,0,0,0,0,0,0,0,0,0.03409667,0
2025-04-25 05:45:00,20.09,0.004,543.8,0,0,0,0,0,0,0,0,0,0,0,0,0,0,0,0,0.02748,0
2025-04-25 06:00:00,19.85,-0.013,546.4,0,0,0,0,0,0,0,0,0,0,0,0,0,0,0,0,0.02935333,0
2025-04-25 06:15:00,20.23,-0.039,541.7,0,0,0,0,0,0,0,0,0,0,0,0,0,0,0,0,0.02011,0
2025-04-25 06:30:00,20.13,-0.055,541.8,0,0,0,0,0,0,0,0,0,0,0,0,0,0,0,0,0.01324,0
2025-04-25 06:45:00,19.89,-0.057,542.4,0.3178942,0.3260312,0.3035282,0.3160998,1.214764,1.254033,1.19654,1.238782,0.2030627,0.2232185,0.2219974,0.1439864,0.8358667,0.8766346,0.8901245,0.7399849,0.3999761,1.4615
2025-04-25 07:00:00,20.61,-0.042,545.3,3.026428,3.10746,3.037339,3.08227,5.907064,6.111909,5.905282,6.035189,2.250302,2.279168,2.381172,2.18948,4.45187,4.518184,4.653802,4.396184,3.415224,6.9294
2025-04-25 07:15:00,20.36,-0.056,542,11.65156,12.17196,11.71187,11.97436,19.7256,20.69557,19.89457,20.26691,8.864538,9.075826,9.304387,8.896568,15.05119,15.51702,15.86658,15.13268,13.24336,22.7332
2025-04-25 07:30:00,20.53,-0.05,543.2,25.72946,26.66591,25.86897,26.31666,30.89244,31.41752,30.73619,31.54705,19.79427,20.08936,20.74837,19.85326,24.01848,23.86213,24.80993,24.017,27.05459,34.5195
2025-04-25 07:45:00,20.98,-0.041,537.7,51.83574,54.1381,52.29652,53.32468,77.28818,81.3341,78.40062,79.42372,40.4958,41.49247,42.38077,40.84594,60.2166,62.15993,63.48969,60.82417,57.07843,79.5362
2025-04-25 08:00:00,22.04,-0.025,535.1,95.73499,99.66479,97.10881,97.78048,107.3198,111.8878,108.6837,109.3157,74.61163,76.26765,78.71838,74.90601,83.87738,85.7388,88.16572,83.93223,98.1123,106.7328
2025-04-25 08:15:00,23.07,0.033,532.8,118.3302,125.2134,120.5203,121.0422,142.989,150.3242,145.7435,145.747,92.38816,95.90132,97.69955,92.62389,111.5552,115.0656,118.3689,111.5934,120.7304,143.1824
2025-04-25 08:30:00,23.06,0.195,515.7,137.3428,146.2186,140.8659,138.7761,117.916,123.7747,120.2113,119.7156,106.8151,111.9396,114.0448,105.5611,91.99229,94.52672,97.52776,91.86029,131.0506,111.6272
2025-04-25 08:45:00,23.96,0.284,510.6,101.7742,107.0001,103.9601,104.2382,85.46302,89.0433,86.47533,86.87654,79.7511,82.26405,84.54904,80.1424,67.01796,67.84619,70.20413,67.15826,99.68874,108.884
2025-04-25 09:00:00,22.86,0.296,501.1,158.7482,169.8816,161.437,164.7964,223.7406,242.86,220.6363,233.0233,124.8864,130.869,131.2405,126.4181,176.4358,186.4523,179.2064,176.4638,167.728,194.7837
2025-04-25 09:15:00,22.06,0.172,496.1,171.7361,183.4293,174.169,176.6308,146.8517,155.4951,149.6211,152.3035,135.5538,142.1295,141.8988,135.3747,116.3373,119.768,121.883,117.9837,160.5549,129.2787
2025-04-25 09:30:00,21.68,0.099,491.3,163.6021,172.552,165.6288,169.4837,128.1865,134.8373,130.8808,132.7147,129.3209,132.3168,134.5294,131.0768,101.6935,103.4653,106.5824,102.8124,165.2035,121.3186
2025-04-25 09:45:00,22.17,0.088,491.4,148.1585,157.0353,150.9377,153.8801,135.5096,144.5393,138.6609,141.387,117.2914,120.8663,122.7047,118.9444,107.1189,111.2989,112.4353,109.0107,151.7866,130.594
2025-04-25 10:00:00,22.11,0.118,487.5,147.4111,156.0927,149.751,153.213,233.0024,247.9106,237.3422,242.2592,116.968,120.3649,121.8311,118.5812,185.4497,191.9514,193.7782,187.9121,160.339,241.1907
2025-04-25 10:15:00,21.06,0.051,486.1,210.363,221.592,212.7616,218.2761,216.4778,228.6652,217.9718,225.6663,166.629,170.5997,172.9608,168.8425,171.2303,175.8576,176.6824,174.4588,211.4277,215.1896
2025-04-25 10:30:00,21.38,0.022,485.8,185.4299,195.4568,186.8281,193.1689,195.2693,208.0203,198.6377,206.0974,146.9192,150.4045,151.638,149.3524,155.4318,160.9178,161.6552,159.3607,189.8555,212.7199
2025-04-25 10:45:00,21.73,0.066,486,267.5983,283.252,271.679,278.018,255.0649,273.1903,259.879,268.0233,212.0723,217.9017,221.0863,215.2832,203.1048,210.8028,211.4342,207.3224,274.3182,225.8629
2025-04-25 11:00:00,21.79,0.11,480.3,264.6531,279.731,268.5017,275.0578,305.6058,330.2511,314.9937,316.3946,209.9157,215.3941,218.0095,212.9013,241.5697,254.5597,255.6169,244.3107,275.6437,269.7365
2025-04-25 11:15:00,22.11,0.128,485.7,279.4402,297.8553,286.3593,289.9479,324.6226,341.0573,329.2216,336.1995,221.6801,229.7076,232.6957,224.6769,257.9812,263.6848,268.2589,261.171,286.1634,332.7419
2025-04-25 11:30:00,22.37,0.161,479.1,307.8862,330.6097,317.2292,320.2134,353.99,391.1334,373.6035,372.0221,244.9441,255.402,258.442,247.9972,283.1421,304.1202,305.0084,287.3982,315.7962,383.7997
2025-04-25 11:45:00,22.71,0.173,479.5,478.7125,538.1431,499.561,505.6878,972.3116,1130.66,1050.943,1110.033,373.7798,419.0213,408.5719,384.9918,619.2886,887.174,833.2026,799.1052,412.9732,336.3958
2025-04-25 12:00:00,22.52,0.134,476,479.1588,645.1157,554.2217,550.74,866.733,971.0787,576.2216,742.2574,405.6002,504.5347,455.0695,417.5338,763.7318,824.0483,450.2106,484.777,406.2639,506.239
2025-04-25 12:15:00,22.92,0.186,476.6,628.347,639.0814,598.9352,693.1707,521.0356,562.1251,527.5244,541.2247,477.8741,505.6928,552.1136,527.9274,421.2134,446.7104,439.2057,414.4047,469.4559,396.5679
2025-04-25 12:30:00,23.36,0.224,471.9,626.192,669.5346,668.5268,688.9009,458.3728,490.7676,474.2115,473.0359,491.9525,518.1442,545.2051,545.2502,365.8775,384.0989,388.2881,367.7359,635.3842,990.8353
2025-04-25 12:45:00,23.34,0.264,470.2,584.9413,578.7131,538.183,528.8173,433.4662,461.181,444.9961,448.957,459.5135,455.757,437.3317,425.493,345.673,360.2531,363.1149,348.5738,517.0284,451.9356
2025-04-25 13:00:00,23,0.212,465.5,378.4967,398.7563,386.3493,384.6853,310.8426,329.1226,317.8085,323.4684,299.6299,310.6043,315.8971,302.5944,246.5292,254.9871,259.1285,251.6702,343.4048,289.228
2025-04-25 13:15:00,22.67,0.131,465.7,281.1436,293.4166,284.1635,287.6394,361.0433,377.7281,366.3541,367.5732,222.4839,226.85,231.4955,223.1225,287.3778,294.0629,300.4478,284.8017,290.7439,368.277
2025-04-25 13:30:00,22.9,0.107,463.9,369.8145,388.5407,371.7964,376.6287,266.5752,285.0896,273.9599,275.0672,293.6435,300.8952,302.2006,293.5783,209.4201,218.446,222.3626,213.6321,361.5329,291.1505
2025-04-25 13:45:00,23.57,0.108,464.8,496.7751,538.1436,567.8595,480.7873,751.4008,768.2148,785.7233,579.1849,399.4937,413.9414,471.2434,408.6716,599.252,609.7476,662.6309,470.2521,554.0984,576.6497
2025-04-25 14:00:00,24.63,0.261,464.9,681.8047,700.3919,782.5845,667.7047,757.9178,1023.17,1042.373,963.218,522.5899,552.2039,650.4677,497.2635,611.3705,743.947,849.2842,733.5208,781.8666,1279.347
2025-04-25 14:15:00,24.94,0.398,462.7,562.7125,728.9792,713.6976,695.1826,345.1702,357.9966,351.208,353.0061,449.5713,547.9617,583.018,548.7136,272.1065,276.5112,284.9091,272.0793,636.594,438.298
2025-04-25 14:30:00,24.83,0.384,464.5,633.5921,643.3862,534.7458,633.2903,1261.284,1263.193,820.0151,906.8318,501.1645,504.2661,485.4402,490.7585,1004.404,1009.25,683.8481,670.5527,709.9363,647.1128
2025-04-25 14:45:00,25.74,0.468,465.4,930.9069,801.0029,882.0156,938.1285,1213.101,784.1693,1149.172,1212.797,747.4268,643.4271,728.4146,706.989,1009.26,580.8857,975.0925,925.162,896.4169,599.9
2025-04-25 15:00:00,25.5,0.534,461.2,717.1733,679.0236,622.157,584.8548,543.1243,537.637,555.6261,551.527,595.2338,530.0228,473.5024,456.7769,433.9444,421.1394,454.2778,430.2542,705.358,1043.512
2025-04-25 15:15:00,26.16,0.601,462.3,964.3324,955.9301,1027.032,1017.529,1117.929,1051.646,1156.953,1221.748,778.5447,745.4798,852.7292,752.8099,898.2632,865.6203,965.4078,847.6392,1042.332,539.9003
2025-04-25 15:30:00,25.64,0.564,459.1,643.4983,665.5875,701.8246,688.0258,388.5537,397.7261,379.4349,396.4573,535.8651,515.1998,528.412,534.9845,312.6889,310.4698,293.58,311.1501,501.6664,418.3118
2025-04-25 15:45:00,25.1,0.505,458.7,510.0749,509.1674,495.9106,514.4152,642.3746,647.5744,606.6219,579.024,407.2708,397.3042,371.8704,397.7161,533.6379,501.4086,436.0397,475.9931,542.609,415.2275
2025-04-25 16:00:00,25.43,0.495,457.5,664.563,651.4359,493.3318,674.135,602.8064,576.4556,509.1909,582.4416,503.5101,511.0741,416.8211,531.8273,463.9629,452.1959,378.3055,477.963,714.1385,352.4357
2025-04-25 16:15:00,24.78,0.438,456.4,392.1988,353.3867,358.2101,422.9226,421.7067,379.9656,490.3641,573.7941,327.1365,282.6472,332.2452,316.129,324.5391,293.4061,416.309,418.3508,454.3073,457.8269
2025-04-25 16:30:00,24.61,0.399,458.5,455.9468,392.7369,438.7004,476.3701,354.7151,323.0318,298.3777,331.9632,362.2903,311.3988,363.286,376.7457,274.6206,250.7654,242.9772,252.0718,480.3491,326.5133
2025-04-25 16:45:00,24.05,0.312,455.9,355.6476,341.2911,348.1975,383.3177,380.2109,374.449,374.0122,395.7499,295.5797,261.8076,288.0337,298.1878,300.8994,288.2739,298.6015,310.156,379.1852,436.9114
2025-04-25 17:00:00,23.94,0.31,457.2,399.6783,390.9854,418.2536,447.6365,449.3,431.8471,434.8786,468.2388,318.2442,302.0295,339.4933,347.1003,352.1026,332.89,355.4482,363.9727,406.0338,419.2787
2025-04-25 17:15:00,24.04,0.292,455,414.8077,396.065,397.0854,426.991,378.808,330.9583,366.8752,387.3852,334.1064,309.1996,323.3399,335.4844,301.6636,276.0078,288.1188,303.3072,405.4017,371.7323
2025-04-25 17:30:00,24.1,0.287,456.6,416.4188,379.5356,405.1699,439.3934,504.8049,464.0399,462.8801,498.6581,331.0847,289.1382,334.0777,343.2373,391.2045,353.8772,379.6883,395.4164,456.6464,550.004
2025-04-25 17:45:00,24.55,0.309,453.6,400.7781,404.2881,415.3033,403.9877,371.0862,367.1372,403.5023,306.9341,318.5516,311.8568,341.7983,328.7905,288.8409,286.6753,324.1845,268.261,469.4548,465.9968
2025-04-25 18:00:00,24.32,0.341,452.8,322.355,323.3097,322.9156,302.3073,225.4931,214.6299,209.2595,205.3347,255.2852,249.1503,265.2476,217.5982,161.6523,166.2026,189.8374,182.6917,397.9628,254.4536
2025-04-25 18:15:00,23.54,0.254,454.7,195.8678,189.7676,217.2285,199.3834,279.8186,228.5449,274.4563,292.7817,151.3027,143.5162,175.8654,147.8616,216.4883,151.7698,219.6372,157.5157,220.238,322.1248
2025-04-25 18:30:00,24.05,0.225,453.1,289.1408,191.8724,295.3558,322.5261,203.5364,149.6319,200.1443,215.0473,218.2378,140.9855,243.0667,240.1435,159.3936,117.62,171.2397,157.978,284.9139,216.2501
2025-04-25 18:45:00,23.4,0.226,453,140.3049,114.4788,142.0704,142.4201,87.82764,85.04163,87.57729,90.8385,109.34,88.68607,115.7377,113.9884,69.09545,65.04649,70.53243,71.21574,148.5903,87.6536
2025-04-25 19:00:00,23.9,0.344,458.7,71.10058,69.66599,69.49785,73.74817,64.75326,63.01359,61.43806,67.14492,55.75523,53.17713,56.06031,57.48806,50.54416,48.01757,49.45445,52.7805,75.52686,84.558
2025-04-25 19:15:00,24.19,0.444,462.4,63.05637,61.54663,60.79315,64.98064,56.07257,55.24518,55.33672,57.90226,49.47672,46.84876,48.86999,50.8616,43.86087,42.05231,44.38965,45.15438,68.71309,57.6387
2025-04-25 19:30:00,23.98,0.442,461.1,49.46613,48.62295,48.12659,51.05128,45.45662,44.55952,43.67793,47.04212,38.44911,36.82649,38.56992,39.38486,35.30737,33.63097,34.85975,36.12946,52.31905,47.9473
2025-04-25 19:45:00,23.67,0.411,462.9,39.67344,39.27632,38.31107,40.81598,28.41478,28.62155,27.96171,28.90855,30.72542,29.67862,30.58127,31.46076,21.93134,21.60819,22.3207,22.47855,40.6275,27.4814
2025-04-25 20:00:00,23.25,0.367,462.8,19.55932,19.92313,19.37414,19.9778,11.22086,11.42537,11.03096,11.47918,14.99756,14.91206,15.44356,15.33047,8.581697,8.515663,8.75619,8.786461,18.8675,10.1748
2025-04-25 20:15:00,23.52,0.373,471.7,5.982793,6.072608,5.866869,6.138586,2.214062,2.291698,2.224527,2.259573,4.574567,4.549046,4.663808,4.679998,1.706291,1.754991,1.793709,1.72703,5.330007,1.9488
2025-04-25 20:30:00,23.35,0.305,482.7,0.9794616,1.007174,0.9709514,0.999383,0.219266,0.2192466,0.2059849,0.2089802,0.7336397,0.7625403,0.7703769,0.7316734,0.1557153,0.1676333,0.1655475,0.1146764,0.7208067,0
2025-04-25 20:45:00,23.04,0.243,486.8,0.03738936,0.03658236,0.02875665,0.03125719,0,0,0,0,0.01263071,0.02527963,0.01541344,0.005759872,0,0,0,0,0.04071666,0
2025-04-25 21:00:00,22.67,0.19,487,0,0,0,0,0,0,0,0,0,0,0,0,0,0,0,0,0.03401722,0.2323
2025-04-25 21:15:00,22.32,0.143,491.5,0,0,0,0,0,0,0,0,0,0,0,0,0,0,0,0,0.02631278,0
2025-04-25 21:30:00,22.03,0.088,490.2,0,0,0,0,0,0,0,0,0,0,0,0,0,0,0,0,0.02560667,0
2025-04-25 21:45:00,21.77,0.052,491.4,0,0,0,0,0,0,0,0,0,0,0,0,0,0,0,0,0.007366667,0
2025-04-25 22:00:00,21.52,0.024,493.3,0,0,0,0,0,0,0,0,0,0,0,0,0,0,0,0,0.01573333,0
2025-04-25 22:15:00,21.34,0.006,497.5,0,0,0,0,0,0,0,0,0,0,0,0,0,0,0,0,0.03259667,0
2025-04-25 22:30:00,21.15,-0.013,498.3,0,0,0,0,0,0,0,0,0,0,0,0,0,0,0,0,0.02747667,0
2025-04-25 22:45:00,21.06,-0.031,499.1,0,0,0,0,0,0,0,0,0,0,0,0,0,0,0,0,0.01648667,0
2025-04-25 23:00:00,20.98,-0.05,504.6,0,0,0,0,0,0,0,0,0,0,0,0,0,0,0,0,0.01361333,0
2025-04-25 23:15:00,20.95,-0.058,507,0,0,0,0,0,0,0,0,0,0,0,0,0,0,0,0,0.01523667,0
2025-04-25 23:30:00,21.04,-0.055,510,0,0,0,0,0,0,0,0,0,0,0,0,0,0,0,0,0.01311667,0
2025-04-25 23:45:00,21.12,-0.057,509.6,0,0,0,0,0,0,0,0,0,0,0,0,0,0,0,0,0.03122333,0
2025-04-26,20.28,-0.032,501.5,0.000660328,0.0007330885,0,0,0,0,0,0,0.003129705,0.002244981,0,0,0,0,0,0,0.03784667,0
2025-04-26 00:15:00,20.58,0.009,500.5,0.0009896663,0.00145514,0.000792299,0,0,0,0,0,0.002398442,0.002124125,0.001064232,0,0,0,0,0,0.02585667,0
2025-04-26 00:30:00,20.35,-0.005,502.3,0,0,0,0,0,0,0,0,0,0,0,0,0,0,0,0,0.01224,0
2025-04-26 00:45:00,20.19,-0.043,501.1,0,0,0,0,0,0,0,0,0,0,0,0,0,0,0,0,0.02010667,0
2025-04-26 01:00:00,20.66,-0.034,500.1,0,0,0,0,0,0,0,0,0,0,0,0,0,0,0,0,0.01586333,0
2025-04-26 01:15:00,20.28,-0.055,499.7,0,0,0,0,0,0,0,0,0,0,0,0,0,0,0,0,0.01898333,0
2025-04-26 01:30:00,20.13,-0.06,501.6,0,0,0,0,0,0,0,0,0,0,0,0,0,0,0,0,0.01423333,0
2025-04-26 01:45:00,20.8,-0.039,501.6,0,0,0,0,0,0,0,0,0,0,0,0,0,0,0,0,0.02231611,0.1499
2025-04-26 02:00:00,20.28,-0.057,498.7,0,0,0,0,0,0,0,0,0,0,0,0,0,0,0,0,0.008533888,0
2025-04-26 02:15:00,20.06,-0.057,498.5,0,0,0,0,0,0,0,0,0,0,0,0,0,0,0,0,0.05408333,0
2025-04-26 02:30:00,20.58,-0.046,500.9,0,0,0,0,0,0,0,0,0,0,0,0,0,0,0,0,0.01911,0
2025-04-26 02:45:00,20.14,-0.059,499.1,0,0,0,0,0,0,0,0,0,0,0,0,0,0,0,0,0.02935333,0
2025-04-26 03:00:00,19.86,-0.061,496.6,0,0,0,0,0,0,0,0,0,0,0,0,0,0,0,0,0.04084389,0.2023
2025-04-26 03:15:00,20.62,-0.039,502.1,0,0,0,0,0,0,0,0,0,0,0,0,0,0,0,0,0.00986611,0
2025-04-26 03:30:00,20.12,-0.062,497.7,0,0,0,0,0,0,0,0,0,0,0,0,0,0,0,0,0.02960333,0
2025-04-26 03:45:00,20.33,-0.046,497.8,0,0,0,0,0,0,0,0,0,0,0,0,0,0,0,0,0.02723,0
2025-04-26 04:00:00,20.53,-0.053,502,0,0,0,0,0,0,0,0,0,0,0,0,0,0,0,0,0.02285666,0
2025-04-26 04:15:00,20.1,-0.064,499,0,0,0,0,0,0,0,0,0,0,0,0,0,0,0,0,0.02285666,0
2025-04-26 04:30:00,20.39,-0.046,500.2,0,0,0,0,0,0,0,0,0,0,0,0,0,0,0,0,0.00512,0
2025-04-26 04:45:00,20.46,-0.056,505.3,0,0,0,0,0,0,0,0,0,0,0,0,0,0,0,0,0.02048,0
2025-04-26 05:00:00,20.28,-0.056,502.1,0,0,0,0,0,0,0,0,0,0,0,0,0,0,0,0,0.02735333,0
2025-04-26 05:15:00,20.77,-0.048,508,0,0,0,0,0,0,0,0,0,0,0,0,0,0,0,0,0.04409,0
2025-04-26 05:30:00,20.36,-0.063,502.8,0,0,0,0,0,0,0,0,0,0,0,0,0,0,0,0,0.02672666,0
2025-04-26 05:45:00,20,-0.069,502.2,0,0,0,0,0,0,0,0,0,0,0,0,0,0,0,0,0.02360667,0
2025-04-26 06:00:00,19.75,-0.064,502,0,0,0,0,0,0,0,0,0,0,0,0,0,0,0,0,0.02110667,0
2025-04-26 06:15:00,19.56,-0.06,503.3,0,0,0,0,0,0,0,0,0,0,0,0,0,0,0,0,0.02860333,0
2025-04-26 06:30:00,21,-0.018,507.4,0,0,0,0,0,0,0,0,0,0,0,0,0,0,0,0,0.02148333,0
2025-04-26 06:45:00,20.88,-0.057,506.8,0.3154638,0.3257677,0.3130535,0.3217376,0.9970831,1.047751,1.004948,1.037485,0.2175541,0.2396952,0.2390227,0.1942321,0.7487643,0.7897284,0.7900412,0.7149817,0.3604144,1.514
2025-04-26 07:00:00,20.38,-0.067,501.9,2.70312,2.820355,2.71554,2.786743,5.054593,5.276692,5.08343,5.212762,2.060952,2.139578,2.17284,2.068667,3.866326,3.999628,4.053687,3.897603,3.009177,5.4903
2025-04-26 07:15:00,20.13,-0.062,507.9,8.853014,9.266676,8.985013,9.147985,12.37225,13.1428,12.73534,12.81486,6.80701,7.052152,7.229561,6.892722,9.588271,10.09061,10.30297,9.713778,9.621577,12.9856
2025-04-26 07:30:00,20.66,-0.039,508.3,16.11605,17.244,16.6139,16.71441,20.66164,22.03045,21.2217,21.43297,12.53897,13.3073,13.48326,12.73396,16.13142,17.02204,17.28304,16.39714,17.22927,22.0511
2025-04-26 07:45:00,21.04,-0.038,512.9,29.19746,31.05013,30.05751,30.24126,42.05749,44.99987,43.27038,43.69971,22.74459,23.88971,24.46637,23.20734,32.61924,34.50108,35.10814,33.49972,32.21385,46.3396
2025-04-26 08:00:00,21.3,-0.012,511.5,58.22687,61.88054,59.96754,60.1222,72.64429,77.4789,75.36628,75.04102,45.12949,47.37946,48.65242,45.93897,56.36642,59.38633,61.21351,57.22595,62.03383,75.9797
2025-04-26 08:15:00,22.01,0.031,505.7,84.8465,89.25825,88.27425,86.84834,77.70434,81.78941,81.02489,79.09887,65.7263,68.44371,71.76134,66.17814,60.3399,62.67582,65.95235,60.21824,83.16537,72.7829
2025-04-26 08:30:00,22.59,0.097,505.1,81.37861,88.77811,87.12879,82.45165,104.0591,120.7204,113.9884,107.0832,63.36872,68.54662,69.9088,62.22194,80.85548,89.78447,91.31843,79.79154,82.69753,120.6291
2025-04-26 08:45:00,21.33,0.248,495.4,169.3632,252.9685,199.1806,279.7508,284.1373,464.7157,150.3357,383.7797,129.7285,187.4516,162.1229,196.0189,187.8796,312.7869,122.8574,256.3375,216.0003,294.1336
2025-04-26 09:00:00,21.12,0.21,489.5,263.1492,342.5756,163.6679,314.9605,169.1976,185.2632,166.1451,181.151,197.5912,266.1797,133.0171,239.1061,132.0633,144.5458,135.325,137.6834,219.6253,174.4415
2025-04-26 09:15:00,21.21,0.101,488,236.7817,253.9358,236.0784,246.5316,361.8535,291.9287,334.9575,428.6091,187.7986,199.5652,194.4644,186.9805,284.8903,224.42,295.4421,307.6771,234.6703,307.4715
2025-04-26 09:30:00,21.05,0.048,483.8,335.8866,333.3003,314.1951,319.3585,444.0272,505.8488,453.5968,492.0424,266.112,252.2207,254.1428,254.2792,329.8883,372.3487,383.3535,343.5941,283.991,363.4763
2025-04-26 09:45:00,20.85,0.02,480.5,392.2957,326.9194,412.4557,447.1018,572.197,344.5609,838.3113,786.6009,296.3741,258.456,307.0286,337.8475,348.2329,179.1066,473.6696,642.3295,409.1225,490.0492
2025-04-26 10:00:00,21.52,0.156,484.4,585.0408,689.6392,663.4197,676.0819,449.2268,579.7476,532.9886,497.652,310.697,483.2491,511.9513,505.628,289.4138,467.9568,409.2886,317.8398,553.7094,523.7554
2025-04-26 10:15:00,21.8,0.238,479.9,410.4254,816.424,749.8431,429.9658,394.3576,1122.477,838.4626,248.7545,348.6325,618.1019,593.3878,223.4895,251.8864,853.8386,725.3437,185.4835,614.3145,681.3625
2025-04-26 10:30:00,22.14,0.219,479.8,253.0305,917.1345,705.297,392.5646,221.8393,416.0308,396.2128,370.5038,188.0952,751.8594,564.107,325.8771,183.3331,352.3218,321.631,219.4686,696.3959,449.5034
2025-04-26 10:45:00,21.73,0.169,475.5,416.7425,757.0028,806.7438,679.1915,778.5584,278.201,1054.475,931.4633,393.0369,638.5953,654.7118,295.5804,263.8326,277.5119,813.4633,535.743,581.4759,980.8928
2025-04-26 11:00:00,21.76,0.14,476.3,472.8997,599.3062,654.9088,597.4053,433.2848,537.2919,522.0864,448.7801,366.1833,438.444,528.2675,397.9245,337.5786,419.734,431.0397,327.1935,471.5552,255.012
2025-04-26 11:15:00,21.5,0.103,472.4,408.5996,442.5658,450.066,414.3979,275.2271,293.9412,283.1697,285.2432,318.5304,354.2744,367.1842,301.1828,215.0702,225.9264,228.5282,218.2904,384.5735,293.2829
2025-04-26 11:30:00,21.94,0.062,473.1,549.7131,621.9179,614.608,371.5422,984.467,1135.767,1160.176,688.3443,440.1611,527.95,511.9643,331.7129,842.2646,923.0189,886.0632,580.2237,617.1074,957.575
2025-04-26 11:45:00,22.86,0.179,466.7,884.9417,1149.563,916.8231,893.8397,1179.713,1364.026,1211.412,1214.988,746.3687,915.8269,756.2601,574.0172,1061.377,972.7302,1099.727,793.0587,802.509,628.2396
2025-04-26 12:00:00,23.04,0.238,468.5,584.1699,868.6392,756.8797,675.4715,388.0505,1106.936,266.4935,789.7587,494.7211,680.4326,562.2478,473.0177,684.7922,1000.309,195.8815,367.1719,340.8345,182.2366
2025-04-26 12:15:00,23.08,0.276,470,790.9576,986.3587,979.5656,1178.991,1148.451,1133.672,1147.819,1218.116,711.7023,792.6381,929.6421,696.6185,809.7175,1005.704,974.3339,816.2337,174.7515,175.6969
2025-04-26 12:30:00,23.84,0.292,468.8,829.988,841.9788,1130.876,985.0971,1297.162,515.6666,1114.494,1266.51,664.3391,716.4429,912.7932,642.6859,998.1102,919.5619,903.4593,803.456,373.0996,706.2694
2025-04-26 12:45:00,24.51,0.386,470.6,1217.226,1188.432,834.6846,880.4776,1331.552,1407.006,1216.486,1196.796,950.7964,899.3448,693.993,570.9604,950.9404,1038.788,999.7132,833.4611,518.9412,481.8305
2025-04-26 13:00:00,24.68,0.454,467,861.7692,935.7777,1055.372,1078.103,486.4856,397.9568,1135.64,487.2684,610.4446,802.1889,910.331,685.8884,297.795,312.6506,566.3168,516.9586,342.1387,445.5384
2025-04-26 13:15:00,25.59,0.569,470.7,1019.113,1152.861,875.382,762.3954,1387.192,1379.298,1374.176,1448.775,900.4885,865.274,739.3896,495.5912,1222.688,1198.638,1184.243,978.8115,633.1542,303.9674
2025-04-26 13:30:00,24.87,0.549,465.4,738.8799,747.778,534.8686,556.7231,282.4789,287.3266,291.7116,291.8043,616.2358,599.4166,460.8781,379.7113,223.4571,235.782,241.567,223.7027,581.0906,227.6617
2025-04-26 13:45:00,23.78,0.442,465.9,384.1812,555.5021,647.6005,257.3661,1214.573,1219.64,1314.798,253.8967,373.5921,372.6422,557.8416,213.0502,979.8128,1025.456,1153.72,196.0802,515.7099,250.1101
2025-04-26 14:00:00,25.83,0.568,465,704.8456,914.9552,1143.388,808.4515,301.4996,1341.546,1416.127,1395.897,512.5764,681.9069,987.4716,463.5938,240.1406,898.8323,1120.314,1059.323,1016.982,1288.143
2025-04-26 14:15:00,27.52,0.853,459.6,640.2208,1395.325,1381.47,1431.014,1339.447,1351.954,1356.587,1392.21,495.956,1061.571,1022.704,1107.447,1121.668,1051.471,376.5586,1123.107,1389.268,1369.838
2025-04-26 14:30:00,27.89,0.991,463.2,1334.121,1381.624,759.3813,1352.367,1348.774,1391.39,1094.06,715.1084,1072.999,1052.407,705.4068,1098.847,1076.692,1080.824,564.7278,591.4562,1352.167,1310.618
2025-04-26 14:45:00,27.97,1.068,460.2,1427.739,849.2733,1224.629,1338.722,1421.332,1192.036,1337.086,1367.176,1060.4,670.4371,1048.532,1004.368,1080.152,880.7076,1156.694,1015.189,1316.198,1425.955
2025-04-26 15:00:00,27.36,1.003,459.6,1135.129,1090.326,868.8904,860.8119,1214.219,1075.677,1284.309,1140.31,924.9342,832.2955,750.3884,665.1328,977.4367,948.4412,1060.287,886.2937,1058.906,1172.232
2025-04-26 15:15:00,26.66,0.925,459.4,755.1984,748.9622,883.7372,810.1727,206.2805,205.0307,203.097,200.947,603.6897,592.5546,730.4704,607.6318,161.5744,156.7271,165.2798,157.8504,806.1646,482.9848
2025-04-26 15:30:00,26.98,0.924,464,897.5625,870.0226,1130.217,995.5442,1158.371,1102.294,1198.107,985.1601,713.6053,670.3276,624.2291,827.4395,955.1953,827.5043,227.6151,814.4975,632.8918,1096.684
2025-04-26 15:45:00,27.69,1.04,461.5,1155.066,1074.663,1028.841,1017.603,1183.182,1031.05,769.9353,868.3478,914.3691,802.9429,456.8088,769.8234,837.0253,796.4448,689.031,801.2999,1065.778,1050.85
2025-04-26 16:00:00,27.76,1.058,456.7,984.6106,898.7477,481.1252,825.632,967.5253,960.5953,394.8669,341.8985,745.6416,721.2786,338.2423,709.6742,837.5902,762.7238,374.7711,725.2855,928.6499,1043.846
2025-04-26 16:15:00,27.61,1.038,453.2,649.9179,451.0421,508.9392,746.2162,787.5659,261.0933,875.6381,1059.955,541.7469,371.5908,690.6127,511.138,343.4446,201.9641,819.0825,695.7841,918.9489,994.5154
2025-04-26 16:30:00,27.39,1.052,456.5,848.6346,633.0433,656.9388,699.8293,946.3703,622.455,173.0525,219.3067,695.5614,522.2404,485.6319,549.8591,606.0482,528.1849,145.4051,150.6416,960.5355,861.1069
2025-04-26 16:45:00,25.63,0.815,455.9,472.825,313.0129,300.7292,466.017,441.3318,769.6567,830.1338,814.9984,310.9163,257.7633,321.3864,350.8457,632.6434,551.127,565.1177,676.6997,457.3891,955.1277
2025-04-26 17:00:00,26.09,0.812,458.2,492.6843,499.4443,761.7574,833.7907,729.5684,664.1192,657.0725,849.2957,439.7126,381.8564,621.45,625.3154,594.7902,504.145,614.5905,619.0099,524.454,767.5508
2025-04-26 17:15:00,26.42,0.846,458.6,701.6751,627.103,607.6208,701.934,670.4906,455.3328,701.5146,704.3263,561.4341,478.6764,509.2648,566.9443,597.9764,447.7655,456.1069,567.5253,508.9799,689.9484
2025-04-26 17:30:00,26.56,0.872,454.8,643.2872,471.6042,602.3405,686.9675,637.9999,608.4107,544.077,594.2467,509.6721,365.6785,503.2095,525.6934,509.6388,453.145,425.4349,454.0099,670.6893,735.5871
2025-04-26 17:45:00,24.87,0.693,459.9,247.6967,253.7372,251.1071,230.2309,127.4879,148.6052,162.6029,119.7399,188.0866,190.8319,209.9429,186.1912,105.8988,113.3064,129.2271,102.1684,252.9033,136.2005
2025-04-26 18:00:00,23.32,0.462,461.2,74.52708,75.73694,81.71985,80.8422,59.16458,57.29085,59.43695,63.45977,58.7336,58.2586,66.63232,60.52389,47.19395,44.09341,48.78528,49.6764,81.67701,68.0571
2025-04-26 18:15:00,23.04,0.328,462.3,65.47045,62.55027,73.77441,76.34237,83.08543,74.69476,94.00179,96.74628,52.20506,47.55674,58.73878,54.62689,66.06955,56.26258,75.3308,67.13527,76.91798,121.2212
2025-04-26 18:30:00,23.75,0.316,464.8,182.9159,100.9806,188.9331,207.5746,344.2654,140.2637,349.7346,382.2161,135.701,77.51622,143.842,146.6613,256.0567,129.1979,290.0341,230.3533,248.6181,463.8419
2025-04-26 18:45:00,27.17,0.873,464.1,283.9133,139.3444,302.3468,288.6074,322.7144,151.6605,258.331,291.743,222.672,112.9369,250.5037,229.3332,244.3524,114.593,218.1476,203.7323,382.9763,310.2185
2025-04-26 19:00:00,27.37,1.177,461.7,228.7015,106.0749,140.0261,191.1722,136.7086,73.74303,75.12726,177.0795,176.3819,83.69418,104.0441,160.0716,101.9968,58.04535,60.80779,144.3298,251.5512,178.6801
2025-04-26 19:15:00,26.6,1.106,459,70.37824,64.27047,64.99036,76.86727,56.87852,56.25474,56.32512,58.65679,55.27735,50.08631,52.92239,62.9995,45.4605,43.71668,46.02696,47.19677,85.59355,61.2702
2025-04-26 19:30:00,26.14,1.022,461.1,49.23568,49.0904,48.92074,50.65381,39.98646,40.71146,40.36793,41.80979,39.40048,38.16386,39.97351,40.77201,32.08746,31.72053,33.12805,33.77406,52.98225,42.7643
2025-04-26 19:45:00,25.55,0.946,458.5,32.12655,32.68782,32.47685,33.3721,26.10955,26.70186,26.50145,27.18082,25.78409,25.49361,26.65026,26.95043,20.87313,20.76728,21.67643,21.85276,34.83287,28.1185
2025-04-26 20:00:00,24.99,0.839,467.6,20.7751,21.29482,21.03958,21.63421,15.37725,15.80955,15.53734,16.06733,16.44625,16.41895,17.11206,17.22008,11.99142,12.00011,12.45894,12.47007,22.28609,15.8225
2025-04-26 20:15:00,24.5,0.753,469.8,9.268445,9.577124,9.403624,9.653315,4.008676,4.156579,4.075493,4.146111,7.138356,7.217521,7.511841,7.469042,3.044224,3.11607,3.229306,3.180549,8.929608,3.1442
2025-04-26 20:30:00,23.95,0.671,473,1.609525,1.665143,1.614146,1.655719,0.2896151,0.2881745,0.2706345,0.2762467,1.192436,1.245282,1.269796,1.25893,0.1914526,0.2487242,0.2137534,0.2101397,1.319547,0.1161
2025-04-26 20:45:00,23.62,0.579,482.1,0.0583354,0.05857271,0.04721713,0.04605506,0,0,0,0,0.02600706,0.04818658,0.03064267,0.03085141,0,0,0,0,0.05006167,0
2025-04-26 21:00:00,23.71,0.553,494.2,0,0,0,0,0,0,0,0,0,0,0,0,0,0,0,0,0.03759667,0
2025-04-26 21:15:00,23.42,0.51,503.5,0,0,0,0,0,0,0,0,0,0,0,0,0,0,0,0,0.01336667,0
2025-04-26 21:30:00,23.1,0.454,503.4,0,0,0,0,0,0,0,0,0,0,0,0,0,0,0,0,0.01823667,0
2025-04-26 21:45:00,22.86,0.413,497.8,0,0,0,0,0,0,0,0,0,0,0,0,0,0,0,0,0.005619999,0
2025-04-26 22:00:00,22.56,0.362,501.6,0,0,0,0,0,0,0,0,0,0,0,0,0,0,0,0,0.004996667,0
2025-04-26 22:15:00,22.37,0.312,505.7,0,0,0,0,0,0,0,0,0,0,0,0,0,0,0,0,0,0
2025-04-26 22:30:00,22.11,0.263,506.5,0,0,0,0,0,0,0,0,0,0,0,0,0,0,0,0,0.01386333,0
2025-04-26 22:45:00,21.91,0.23,510.2,0,0,0,0,0,0,0,0,0,0,0,0,0,0,0,0,0.01700833,0.2511
2025-04-26 23:00:00,21.66,0.201,512,0,0,0,0,0,0,0,0,0,0,0,0,0,0,0,0,0.01371833,0
2025-04-26 23:15:00,21.46,0.183,512,0,0,0,0,0,0,0,0,0,0,0,0,0,0,0,0,0.01761,0
2025-04-26 23:30:00,21.24,0.166,518.5,0,0,0,0,0,0,0,0,0,0,0,0,0,0,0,0,0.01448667,0
2025-04-26 23:45:00,21.05,0.153,521.4,0,0,0,0,0,0,0,0,0,0,0,0,0,0,0,0,0.02148,0
2025-04-27,20.87,0.142,524.9,0,0,0,0,0,0,0,0,0,0,0,0,0,0,0,0,0.02598,0
2025-04-27 00:15:00,20.69,0.139,528,0,0,0,0,0,0,0,0,0,0,0,0,0,0,0,0,0.01723667,0
2025-04-27 00:30:00,20.51,0.134,532.5,0,0,0,0,0,0,0,0,0,0,0,0,0,0,0,0,0.04163611,0.1649
2025-04-27 00:45:00,20.35,0.123,529.5,0,0,0,0,0,0,0,0,0,0,0,0,0,0,0,0,0.02081722,0
2025-04-27 01:00:00,20.18,0.12,537.9,0,0,0,0,0,0,0,0,0,0,0,0,0,0,0,0,0.01548667,0
2025-04-27 01:15:00,20.69,0.162,538.4,0,0,0,0,0,0,0,0,0,0,0,0,0,0,0,0,0.003746666,0
2025-04-27 01:30:00,20.66,0.192,541,0,0,0,0,0,0,0,0,0,0,0,0,0,0,0,0,0.02185667,0
2025-04-27 01:45:00,20.27,0.175,542.6,0,0,0,0,0,0,0,0,0,0,0,0,0,0,0,0,0.05004611,0.1049
2025-04-27 02:00:00,19.96,0.154,541.7,0,0,0,0,0,0,0,0,0,0,0,0,0,0,0,0,0.03551389,0
2025-04-27 02:15:00,19.97,0.145,549.7,0,0,0,0,0,0,0,0,0,0,0,0,0,0,0,0,0.005805,0.1461
2025-04-27 02:30:00,20.62,0.203,549.7,0,0,0,0,0,0,0,0,0,0,0,0,0,0,0,0,0.004058333,0
2025-04-27 02:45:00,20.19,0.195,554.6,0,0,0,0,0,0,0,0,0,0,0,0,0,0,0,0,0.02135333,0
2025-04-27 03:00:00,19.88,0.174,556.4,0,0,0,0,0,0,0,0,0,0,0,0,0,0,0,0,0.03135,0
2025-04-27 03:15:00,20.04,0.182,558.6,0,0,0,0,0,0,0,0,0,0,0,0,0,0,0,0,0.02947333,0
2025-04-27 03:30:00,21.15,0.27,563.9,0,0,0,0,0,0,0,0,0,0,0,0,0,0,0,0,0.01111667,0
2025-04-27 03:45:00,20.3,0.232,564.2,0,0,0,0,0,0,0,0,0,0,0,0,0,0,0,0,0.01773333,0
2025-04-27 04:00:00,19.93,0.198,564.8,0,0,0,0,0,0,0,0,0,0,0,0,0,0,0,0,0.01149,0
2025-04-27 04:15:00,19.7,0.178,568.5,0,0,0,0,0,0,0,0,0,0,0,0,0,0,0,0,0.03472,0
2025-04-27 04:30:00,21.09,0.273,570.9,0,0,0,0,0,0,0,0,0,0,0,0,0,0,0,0,0.02148,0
2025-04-27 04:45:00,20.36,0.248,573.6,0,0,0,0,0,0,0,0,0,0,0,0,0,0,0,0,0.009240001,0
2025-04-27 05:00:00,19.97,0.219,571.8,0,0,0,0,0,0,0,0,0,0,0,0,0,0,0,0,0.03372333,0
2025-04-27 05:15:00,20.19,0.239,579.4,0,0,0,0,0,0,0,0,0,0,0,0,0,0,0,0,0.03160333,0
2025-04-27 05:30:00,20.16,0.242,577.9,0,0,0,0,0,0,0,0,0,0,0,0,0,0,0,0,0.04758666,0
2025-04-27 05:45:00,19.8,0.23,583,0,0,0,0,0,0,0,0,0,0,0,0,0,0,0,0,0.01574,0
2025-04-27 06:00:00,20.55,0.28,580.3,0,0,0,0,0,0,0,0,0,0,0,0,0,0,0,0,0.02773,0
2025-04-27 06:15:00,20.39,0.28,587.2,0,0,0,0,0,0,0,0,0,0,0,0,0,0,0,0,0.03934333,0
2025-04-27 06:30:00,19.89,0.251,587,0.0006173,0.005965918,0.00123266,0.0005573808,0,0.1150794,0.1141917,0,0,0.000588452,0,0,0,0,0,0,0.035495,0.1611
2025-04-27 06:45:00,20.56,0.297,592.3,0.6770603,0.7848064,0.6948836,0.6726724,1.890213,2.193135,1.962175,1.907971,0.4462364,0.5775354,0.5223299,0.4499633,1.347735,1.622826,1.500499,1.368268,0.8254689,2.1661
2025-04-27 07:00:00,19.84,0.263,590.3,4.655421,5.338187,4.820635,4.690495,8.294001,9.450937,8.58428,8.360026,3.545561,4.078513,3.808132,3.521079,6.437476,7.333498,6.872835,6.393717,5.279045,9.9274
2025-04-27 07:15:00,20.15,0.268,595.1,15.4398,17.73961,16.04393,15.56619,22.49784,25.97134,23.41017,22.70926,12.05202,13.7975,12.84177,11.93108,17.62696,20.29392,18.77213,17.40644,17.15188,24.6257
2025-04-27 07:30:00,20.47,0.284,594.3,30.38846,36.03079,32.13107,31.00301,37.75048,45.63265,40.56685,38.68626,23.84265,27.88678,25.51114,23.44673,29.63992,35.21127,31.97652,28.9876,32.62783,40.9542
2025-04-27 07:45:00,21.07,0.288,593.6,43.98328,53.53566,47.73799,45.48505,51.34745,62.70773,56.84204,54.54104,34.65613,41.16277,37.28013,33.92115,40.39547,48.15236,43.92054,40.48336,47.63934,56.803
2025-04-27 08:00:00,22.63,0.364,584.7,95.87765,128.3587,115.2765,103.6358,88.12798,112.4089,193.5249,184.0285,68.67286,104.0323,88.90645,71.30204,68.42423,82.15389,141.1757,112.3537,65.84272,98.8853
2025-04-27 08:15:00,22.85,0.516,567.4,151.5465,226.1575,142.0956,157.3064,115.1351,408.4634,226.9481,120.8337,114.2022,165.6719,111.8319,108.7071,106.4177,311.2777,128.8083,83.03566,84.18892,87.3125
2025-04-27 08:30:00,21.29,0.442,540.6,112.2951,166.7841,115.017,117.6098,93.79498,113.5258,96.32407,93.95161,87.69606,135.6687,84.82066,75.05109,83.24564,84.79264,78.18173,70.00124,93.6195,90.8578
2025-04-27 08:45:00,20.99,0.406,513.8,161.7142,285.6155,179.061,227.0917,325.286,457.0597,113.1529,387.0327,119.3308,225.2349,147.7699,199.8898,199.6667,459.1069,90.32991,267.2439,236.7214,282.1937
2025-04-27 09:00:00,21.96,0.53,499.6,308.1329,486.3832,124.4992,422.9007,303.4323,402.2906,140.0721,455.5015,238.8205,389.3856,101.5877,238.9319,348.4423,237.1944,130.4581,173.4583,260.3407,208.916
2025-04-27 09:15:00,21.9,0.409,494.2,359.7247,268.0717,384.715,478.2194,356.5773,183.7604,204.5091,603.8322,343.3549,262.9714,361.5887,228.1696,301.4958,143.3797,430.3112,356.6093,387.4046,429.506
2025-04-27 09:30:00,21.67,0.426,494.3,397.52,235.3464,364.5526,414.4032,513.6497,524.8827,542.8253,544.6036,320.0203,166.0294,293.2261,287.2708,373.1038,217.1187,462.2262,424.6007,350.943,422.8502
2025-04-27 09:45:00,22.02,0.488,499,400.1818,431.0736,408.0742,572.2324,451.0206,330.5678,571.7715,638.3816,304.556,338.0458,352.1278,436.7856,309.2185,271.04,206.0347,478.0484,494.1491,476.6963
2025-04-27 10:00:00,22.63,0.586,497.3,585.0505,552.6799,647.3705,683.136,650.3714,857.0472,710.7876,818.6418,306.4082,367.0036,464.2606,502.5938,341.705,593.3053,588.9834,610.83,566.0004,616.6745
2025-04-27 10:15:00,21.92,0.478,487.3,443.3927,825.4239,784.6533,677.3898,465.8314,949.9506,771.1661,300.5678,388.1096,657.546,630.1649,372.3557,453.7277,711.694,703.5483,157.5712,665.3245,710.5191
2025-04-27 10:30:00,21.27,0.35,486.6,330.7521,900.6624,666.8441,244.4518,225.0366,770.11,713.9292,322.3912,236.2752,742.5704,544.2346,225.5552,175.8807,599.6823,594.3499,430.1882,702.1345,677.4874
2025-04-27 10:45:00,21.21,0.332,488.3,279.6212,762.4669,773.3043,648.1222,435.7582,316.3576,934.1988,1037.169,245.8922,637.7537,634.0516,535.1959,214.7657,258.5893,771.1315,659.1629,604.3636,855.0058
2025-04-27 11:00:00,21.7,0.333,489.6,630.0227,862.4728,908.9069,796.1622,713.5128,864.2962,813.7113,636.9359,477.3447,644.6133,725.9177,462.8183,506.4158,660.8337,696.8919,534.5386,692.2216,568.4761
2025-04-27 11:15:00,22.03,0.372,483.5,712.7543,904.3408,891.4346,737.3912,784.7225,985.718,901.0374,887.8664,528.7639,701.2625,728.5206,484.7204,613.2321,859.9716,780.5768,509.252,646.3737,757.6383
2025-04-27 11:30:00,21.99,0.387,480.7,816.5618,1063.417,998.0356,832.086,908.1307,1093.011,1116.74,397.31,702.7849,877.4713,821.1901,388.7416,859.9573,972.727,850.1443,283.196,833.1992,852.8658
2025-04-27 11:45:00,22.23,0.395,481,764.095,1055.615,831.986,573.5106,757.8987,902.8438,814.3686,774.1254,663.5791,843.4993,692.3512,431.1914,672.1613,740.4583,707.5372,482.2594,822.2776,720.6752
2025-04-27 12:00:00,22.22,0.398,477.9,728.1768,1057.981,826.0056,780.4391,366.406,1158.029,374.0171,449.3599,523.0905,838.3326,642.3307,476.2154,320.7405,993.6967,510.6683,383.3973,586.6946,463.3322
2025-04-27 12:15:00,22.28,0.421,474.5,650.7905,930.9309,920.4402,979.4993,999.3698,1142.894,1050.001,1043.121,583.3763,739.7545,833.1326,557.6272,759.2303,836.9141,863.3531,682.8408,384.5321,391.4899
2025-04-27 12:30:00,23.01,0.474,472.8,730.1194,755.5953,940.6609,818.6715,995.463,776.4016,920.5087,963.4346,600.2639,623.6636,745.9698,529.2112,778.504,446.4424,652.3544,573.5186,371.4741,363.7311
2025-04-27 12:45:00,22.75,0.47,472.1,1011.561,1116.451,754.0129,799.8813,913.5742,944.09,850.4009,910.6157,805.3721,850.1772,576.9985,508.4705,653.1132,793.7327,708.8597,542.174,373.2815,367.4038
2025-04-27 13:00:00,22.88,0.486,468.4,809.2789,891.9031,961.775,933.0222,488.3409,435.1167,1034.929,500.2164,595.8298,767.7388,824.3657,570.2813,314.8829,343.316,558.0203,603.8042,375.6374,392.4793
2025-04-27 13:15:00,23.56,0.524,475.2,768.8097,677.5522,733.9063,637.1741,816.5892,776.4293,797.9586,737.451,676.6569,532.2789,610.3467,409.3142,683.9647,547.5143,693.9493,414.4862,684.0302,1081.506
2025-04-27 13:30:00,23.95,0.587,467.8,921.6735,998.3324,837.5898,818.1201,445.3427,498.4598,1106.151,904.5864,756.1641,788.8302,704.4143,520.4127,350.0649,726.17,911.3888,675.663,778.7338,453.2398
2025-04-27 13:45:00,23.58,0.574,468.5,536.057,676.1027,767.4028,479.7485,885.1479,981.2746,984.4358,504.9885,482.5268,497.9686,646.783,385.4584,788.8913,789.9147,843.4819,322.4586,568.2437,396.5267
2025-04-27 14:00:00,23.42,0.555,465.5,525.6032,746.0358,855.9503,721.9995,331.2205,927.4518,973.2248,858.3753,423.7994,528.8871,731.5768,425.8638,263.6355,661.4185,843.9655,576.4076,790.8779,1105.247
2025-04-27 14:15:00,24.58,0.655,464.1,759.3586,1146.298,1093.656,1009.5,1150.623,1121.85,731.1014,1007.508,578.6362,894.9069,728.1763,754.0078,868.6595,906.2963,370.6417,757.8423,1166.675,1171.978
2025-04-27 14:30:00,25.19,0.804,461.8,1117.696,1063.449,659.2925,1114.534,1167.525,561.6946,1053.04,1246.947,906.976,887.7321,805.8166,718.2519,957.4874,514.702,596.1961,742.8737,1143.817,1185.109
2025-04-27 14:45:00,25.49,0.836,459.2,1202.88,781.3795,1058.699,1069.405,1345.791,1206.907,1318.232,1207.497,935.5983,599.3561,910.4102,708.4924,969.1055,1009.527,1015.377,774.8389,1178.537,1295.432
2025-04-27 15:00:00,25.59,0.896,456.7,1263.029,1173.251,970.47,926.8071,1156.71,1146.316,1154.36,1148.539,1003.302,965.9039,824.1069,630.2277,989.9475,927.4135,1030.354,783.1349,1114.469,1175.452
2025-04-27 15:15:00,25.97,0.925,458.7,1019.744,1006.718,1177.718,1105.465,1133.001,1064.045,1167.671,1045.615,834.6515,805.7109,965.2705,870.7448,874.5666,923.7142,894.3144,920.4235,1099.109,347.9873
2025-04-27 15:30:00,26.07,1.01,454.7,894.0492,856.2718,1148.254,1031.697,1154.122,1041.076,914.4252,1194.025,706.0434,698.6054,529.1097,792.1628,941.185,808.77,283.9543,736.3109,770.3368,1145.216
2025-04-27 15:45:00,25.79,0.978,455.7,931.8306,822.7491,697.1864,901.5997,944.9466,835.8233,718.7403,675.1612,742.5621,620.7558,294.3748,720.9526,629.0559,604.0018,452.6264,575.4303,856.7789,808.4938
2025-04-27 16:00:00,25.8,0.987,450.3,992.0094,845.0345,376.7174,599.4766,865.852,382.9079,290.7277,243.2248,762.4622,645.5829,299.9077,623.3715,804.5775,339.7311,695.9712,332.5356,1009.438,961.6336
2025-04-27 16:15:00,25.7,1.011,454.6,647.2564,255.0052,558.7698,792.9391,701.5877,350.407,681.1879,783.4315,536.9311,206.2905,721.0091,521.2214,396.2603,331.6613,544.6414,573.0252,881.8277,979.2851
2025-04-27 16:30:00,25.2,0.915,447,713.3549,651.4279,566.9353,702.059,902.8274,431.9519,293.6788,321.4804,572.1559,505.3383,394.8173,582.1934,649.6599,376.978,238.9389,259.5435,822.2808,921.8861
2025-04-27 16:45:00,24.91,0.854,451.1,874.2555,615.5435,725.7838,767.8221,461.0724,789.3439,888.3169,982.0135,617.4228,478.7528,586.5786,596.2748,720.9803,640.1038,701.7699,659.0121,727.9531,771.988
2025-04-27 17:00:00,24.21,0.81,454.6,457.7912,483.2626,615.8798,668.5675,343.4139,345.0501,352.4892,358.3576,421.791,363.5576,517.9608,538.4716,294.4403,259.4291,271.8183,297.3148,421.9079,418.5591
2025-04-27 17:15:00,23.49,0.663,453.4,404.4267,370.6799,373.2629,399.265,367.1523,340.9101,345.892,391.1978,318.4545,290.0927,288.308,314.8409,294.2922,269.9654,277.6863,313.7584,349.5261,277.2618
2025-04-27 17:30:00,23.95,0.689,450,546.2962,432.2306,530.4416,592.8263,213.2707,208.517,214.5418,215.3621,429.0821,348.8664,437.796,474.2508,174.8299,163.7592,178.5774,171.2482,560.2254,430.1319
2025-04-27 17:45:00,23.41,0.66,451.7,295.8765,346.1085,357.6786,282.8277,184.132,284.5289,360.6037,302.8512,235.5479,272.4631,294.6486,240.0696,148.5984,221.4186,293.0399,145.678,432.7862,492.5526
2025-04-27 18:00:00,23.87,0.672,453.7,392.1993,353.712,330.6519,361.6913,501.6787,382.0342,152.3875,148.2881,300.3302,271.2253,244.5079,290.2665,399.9068,304.5496,168.0198,117.8514,618.5103,573.6815
2025-04-27 18:15:00,23.69,0.646,451.6,264.9664,208.3159,359.301,129.838,193.8738,131.895,365.5179,167.1947,151.0265,153.8773,309.3976,101.5623,204.8869,106.0657,357.7581,108.2113,333.8004,281.8152
2025-04-27 18:30:00,23.69,0.656,451.1,343.4976,122.7071,318.0703,377.1362,321.4008,146.2734,149.5802,330.7059,263.9749,104.897,217.4808,291.0093,236.7359,108.3906,104.0883,311.9917,312.8142,384.6954
2025-04-27 18:45:00,24.49,0.854,456.3,255.874,137.234,129.8557,278.6118,267.3381,109.0858,136.0392,301.0013,199.2631,102.3734,74.27007,218.0003,198.6486,82.14018,65.57993,217.3391,356.2772,316.627
2025-04-27 19:00:00,26.22,1.31,453.9,231.4691,104.1449,95.64063,183.9386,174.4626,108.3708,73.46702,173.3844,172.0105,84.77257,61.13042,141.0442,134.8318,87.2051,56.70787,116.7631,246.0461,184.2565
2025-04-27 19:15:00,25.87,1.333,453.9,77.14742,72.33247,64.49033,85.90237,59.37029,61.90281,57.24003,60.12012,59.49361,56.06465,50.36949,65.96845,47.20921,48.51699,45.09331,47.92464,88.49339,60.7605
2025-04-27 19:30:00,21.63,1.017,453.9,51.12193,54.37682,50.19325,52.02528,41.71199,45.03794,41.3228,43.23787,40.69268,42.61623,39.73807,41.47567,33.47057,35.32848,32.82628,34.50906,38.19427,42.6819
2025-04-27 19:45:00,24.71,1.112,452,33.19579,35.88627,33.15482,34.35302,26.80375,29.03603,26.99195,27.75807,26.68464,28.29986,26.37492,27.31136,21.5231,22.95456,21.49137,21.95073,34.36028,27.7625
2025-04-27 20:00:00,24.08,1.016,452.8,20.94833,22.71696,21.03981,21.69403,14.82439,16.11653,14.9274,15.39216,16.69367,17.86403,16.74316,17.03323,11.70638,12.58052,11.81012,11.91343,21.23652,14.2335
2025-04-27 20:15:00,23.53,0.915,460.1,8.767632,9.562125,8.819136,9.038666,3.937258,4.28894,3.935008,4.004947,6.863316,7.416552,6.967569,6.990636,3.060078,3.298816,3.090185,3.101252,8.034725,3.3391
2025-04-27 20:30:00,23.8,0.922,463.6,1.708292,1.840846,1.687632,1.741094,0.4271761,0.4585211,0.3971384,0.4234678,1.298932,1.412665,1.308442,1.326843,0.3208932,0.3473609,0.2951871,0.316239,1.301953,0
2025-04-27 20:45:00,23.7,0.892,464,0.10195,0.105359,0.08907422,0.09265009,0,0,0,0,0.05930477,0.0797712,0.05894622,0.0614007,0,0,0,0,0.04977278,0.2585
2025-04-27 21:00:00,23.47,0.854,463.9,0,0,0,0,0,0,0,0,0,0,0,0,0,0,0,0,0.02091722,0
2025-04-27 21:15:00,23.12,0.823,465.8,0,0,0,0,0,0,0,0,0,0,0,0,0,0,0,0,0.02123,0
2025-04-27 21:30:00,22.82,0.788,463.6,0,0,0,0,0,0,0,0,0,0,0,0,0,0,0,0,0.02185667,0
2025-04-27 21:45:00,22.55,0.742,465.5,0,0,0,0,0,0,0,0,0,0,0,0,0,0,0,0,0.02423,0
2025-04-27 22:00:00,22.3,0.683,468.3,0,0,0,0,0,0,0,0,0,0,0,0,0,0,0,0,0.02136,0
2025-04-27 22:15:00,22.08,0.634,469.4,0,0,0,0,0,0,0,0,0,0,0,0,0,0,0,0,0.03959667,0
2025-04-27 22:30:00,21.88,0.598,467.4,0,0,0,0,0,0,0,0,0,0,0,0,0,0,0,0,0.02635333,0
2025-04-27 22:45:00,21.72,0.575,468,0,0,0,0,0,0,0,0,0,0,0,0,0,0,0,0,0.01286333,0
2025-04-27 23:00:00,21.51,0.553,472.4,0,0,0,0,0,0,0,0,0,0,0,0,0,0,0,0,0.03284667,0
2025-04-27 23:15:00,21.3,0.527,468,0,0,0,0,0,0,0,0,0,0,0,0,0,0,0,0,0.01473667,0
2025-04-27 23:30:00,21.16,0.516,468.8,0,0,0,0,0,0,0,0,0,0,0,0,0,0,0,0,0.01936333,0
2025-04-27 23:45:00,21,0.499,473.8,0,0,0,0,0,0,0,0,0,0,0,0,0,0,0,0,0.006243333,0
2025-04-28,20.74,0.48,468.6,0,0,0,0,0,0,0,0,0,0,0,0,0,0,0,0,0.006743333,0
2025-04-28 00:15:00,20.6,0.465,470.6,0,0,0,0,0,0,0,0,0,0,0,0,0,0,0,0,0.02322667,0
2025-04-28 00:30:00,20.41,0.448,470.8,0,0,0,0,0,0,0,0,0,0,0,0,0,0,0,0,0.02260333,0
2025-04-28 00:45:00,20.2,0.428,471.6,0,0,0,0,0,0,0,0,0,0,0,0,0,0,0,0,0.01474,0
2025-04-28 01:00:00,20.03,0.411,472,0,0,0,0,0,0,0,0,0,0,0,0,0,0,0,0,0.01811,0
2025-04-28 01:15:00,20.08,0.416,473.4,0,0,0,0,0,0,0,0,0,0,0,0,0,0,0,0,0.01798333,0
2025-04-28 01:30:00,20.62,0.48,468.4,0,0,0,0,0,0,0,0,0,0,0,0,0,0,0,0,0.02448333,0
2025-04-28 01:45:00,20.08,0.44,477.4,0,0,0,0,0,0,0,0,0,0,0,0,0,0,0,0,0.01973333,0
2025-04-28 02:00:00,20.38,0.45,475.9,0,0,0,0,0,0,0,0,0,0,0,0,0,0,0,0,0.02460389,0.2023
2025-04-28 02:15:00,20.3,0.466,480.2,0,0,0,0,0,0,0,0,0,0,0,0,0,0,0,0,0.03434611,0
2025-04-28 02:30:00,19.86,0.426,477.8,0,0,0,0,0,0,0,0,0,0,0,0,0,0,0,0,0.01998333,0
2025-04-28 02:45:00,20.1,0.426,478.3,0,0,0,0,0,0,0,0,0,0,0,0,0,0,0,0,0.01373944,0.1349
2025-04-28 03:00:00,20.11,0.444,474.8,0,0,0,0,0,0,0,0,0,0,0,0,0,0,0,0,0.02972667,0.1349
2025-04-28 03:15:00,20.21,0.454,479.2,0,0,0,0,0,0,0,0,0,0,0,0,0,0,0,0,0.01710722,0
2025-04-28 03:30:00,19.83,0.436,481.1,0,0,0,0,0,0,0,0,0,0,0,0,0,0,0,0,0.03384667,0
2025-04-28 03:45:00,20.18,0.453,484.7,0,0,0,0,0,0,0,0,0,0,0,0,0,0,0,0,0.01349,0
2025-04-28 04:00:00,19.75,0.432,484.1,0,0,0,0,0,0,0,0,0,0,0,0,0,0,0,0,0.03184666,0
2025-04-28 04:15:00,20.76,0.517,484.9,0,0,0,0,0,0,0,0,0,0,0,0,0,0,0,0,0.02235667,0
2025-04-28 04:30:00,19.92,0.473,484.7,0,0,0,0,0,0,0,0,0,0,0,0,0,0,0,0,0.01911,0
2025-04-28 04:45:00,20.49,0.508,482.5,0,0,0,0,0,0,0,0,0,0,0,0,0,0,0,0,0.04833667,0
2025-04-28 05:00:00,20.39,0.528,487.6,0,0,0,0,0,0,0,0,0,0,0,0,0,0,0,0,0.06536833,0.3897
2025-04-28 05:15:00,20.25,0.511,490,0,0,0,0,0,0,0,0,0,0,0,0,0,0,0,0,0.05203833,0
2025-04-28 05:30:00,20.16,0.505,494.1,0,0,0,0,0,0,0,0,0,0,0,0,0,0,0,0,0.02371,0.1986
2025-04-28 05:45:00,20.13,0.503,495,0,0,0,0,0,0,0,0,0,0,0,0,0,0,0,0,0.01513333,0
2025-04-28 06:00:00,19.66,0.475,494.8,0,0,0,0,0,0,0,0,0,0,0,0,0,0,0,0,0.03584667,0
2025-04-28 06:15:00,20.04,0.496,494.8,0,0,0,0,0,0,0,0,0,0,0,0,0,0,0,0,0.03422333,0
2025-04-28 06:30:00,20.05,0.51,498.3,0.01520052,0.02036265,0.01134383,0.01420584,0.1424983,0.1704552,0.1572177,0.1360809,0.0005591751,0.008660464,0.002462553,0,0.1006515,0.1195425,0.1142843,0,0.066155,0.3747
2025-04-28 06:45:00,20.1,0.531,497.2,0.8593782,0.9950152,0.8872699,0.8778034,2.081372,2.389937,2.167244,2.138581,0.6171635,0.72778,0.6792182,0.6164803,1.533988,1.777042,1.695065,1.554021,1.051036,2.2598
2025-04-28 07:00:00,20.42,0.566,492.2,4.452672,5.029601,4.619502,4.6076,8.267678,9.306044,8.578282,8.592765,3.444578,3.859094,3.702465,3.467822,6.494865,7.25603,6.927201,6.516101,5.289851,10.1223
2025-04-28 07:15:00,20.18,0.565,497.9,17.06633,19.67562,17.77838,17.5856,26.38894,30.73835,27.50701,27.08058,13.33728,15.18187,14.28152,13.21029,20.62295,23.71117,22.07011,20.38995,19.80972,29.4077
2025-04-28 07:30:00,20.88,0.603,495.6,36.4505,43.36253,38.38861,37.47786,48.17345,57.90394,51.04709,49.43642,28.47052,33.27647,30.73293,27.97553,37.57371,44.38717,40.77349,36.8092,40.91318,50.7843
2025-04-28 07:45:00,21.82,0.701,490,60.86908,72.7263,64.24965,62.65751,82.46823,100.1591,88.15223,85.95605,47.43246,55.34464,51.13066,46.69459,63.94499,75.27404,69.40755,63.31289,69.26509,92.2632
2025-04-28 08:00:00,23.65,0.908,489,119.4294,164.0103,156.0055,136.3742,142.9993,220.3294,223.5581,173.2904,95.39635,120.0189,117.8692,98.90586,130.817,150.8304,158.9914,126.9095,145.2835,101.8984
2025-04-28 08:15:00,22.08,1.104,480.1,167.1629,214.1648,158.0557,157.7412,146.0777,196.0628,145.824,208.3474,124.6363,160.5719,121.1563,115.3246,130.6913,177.8053,74.99542,149.3853,108.0338,104.2219
2025-04-28 08:30:00,20.86,0.99,477.8,122.9039,151.7474,109.3706,126.2387,100.8234,118.8703,106.6635,103.2852,95.68568,124.5261,86.20154,79.58293,82.45804,92.93004,91.29821,77.47828,137.2379,253.3293
2025-04-28 08:45:00,20.42,0.907,472.9,175.6776,251.9054,188.2943,236.4568,334.4449,530.6163,122.6724,369.5454,147.6736,182.6142,169.9116,198.8896,263.1841,355.3545,99.49168,278.4011,189.2888,146.5365
2025-04-28 09:00:00,20.85,0.874,472.1,357.7899,489.0273,134.8711,410.3739,314.219,212.0195,139.167,418.8506,243.1378,400.2822,115.2584,221.2431,231.0394,231.4416,137.8678,161.7046,190.849,159.7544
2025-04-28 09:15:00,20.44,0.655,469.1,336.7126,209.9275,400.1171,456.7967,274.5254,159.932,232.8705,554.7887,264.6384,196.722,352.6179,212.9279,216.9057,126.1903,429.0643,289.669,342.6541,532.42
2025-04-28 09:30:00,20.31,0.578,466.2,346.4707,184.73,349.3681,414.6126,419.1537,461.1279,630.8845,640.3947,344.5445,135.3508,325.1182,295.6996,411.202,149.848,487.4246,410.9955,407.8701,590.5609
2025-04-28 09:45:00,21.05,0.595,467,379.8863,504.2172,460.8835,608.3978,411.9149,667.2245,225.9389,644.2706,306.88,381.7124,444.6254,454.6657,338.1217,509.7144,273.3786,520.8399,558.1071,643.8373
2025-04-28 10:00:00,21.89,0.654,467.3,597.2502,439.2346,583.2874,715.4155,624.7084,832.78,726.6267,802.4373,338.0735,349.0699,368.8227,521.1956,249.6581,581.3756,568.4561,586.6215,607.5767,723.0513
2025-04-28 10:15:00,22.24,0.743,462.2,466.0844,833.6381,778.2997,783.5734,279.6364,929.3173,853.5716,667.0138,334.3267,655.1999,637.3922,507.9983,434.7048,686.9881,620.5896,226.8835,711.9485,678.3119
2025-04-28 10:30:00,20.2,0.543,454.9,390.9191,953.4844,653.3632,301.2485,228.927,933.5009,912.8895,186.0838,293.4248,778.2251,521.7159,145.6727,139.5177,723.3257,705.7929,189.8474,523.78,474.4814
2025-04-28 10:45:00,19.83,0.471,455.7,176.8583,826.4559,854.7266,445.8912,176.0429,225.1461,960.4269,1007.844,138.8223,709.2522,692.4817,487.5881,149.5242,175.0618,735.2086,658.632,747.5827,706.1682
2025-04-28 11:00:00,20.72,0.526,455.3,550.1539,927.5483,951.1456,867.8549,809.2922,1011.826,997.1965,706.5048,465.7341,708.5691,778.0491,488.8305,568.4128,778.2997,854.5971,644.2215,794.0809,848.2937
2025-04-28 11:15:00,20.75,0.547,450,788.0688,1024.895,1020.78,818.4274,842.7109,1048.232,959.9393,916.3315,588.2618,795.1075,837.2829,578.9678,688.1504,903.256,868.3046,639.7072,863.7249,890.1998
2025-04-28 11:30:00,20.4,0.552,447.8,856.7323,1091.023,1028.649,967.1236,879.9667,1112.432,1058.807,872.9109,700.0331,905.1091,851.2807,561.3167,778.6974,906.19,841.7983,225.7294,906.0812,994.8715
2025-04-28 11:45:00,20.46,0.567,450.2,827.1667,1146.398,921.0051,549.3712,977.1447,1131.857,1153.805,1042.728,713.7006,906.7979,760.3065,384.0894,881.7545,900.96,871.6305,702.6863,900.9529,432.0206
2025-04-28 12:00:00,20.52,0.569,448,930.6228,1160.478,889.44,844.6489,655.6003,1015.51,220.0335,259.936,725.1556,914.6791,680.9017,554.5499,258.3984,975.6272,760.9604,276.7243,807.0782,959.1114
2025-04-28 12:15:00,20.87,0.593,448.3,538.1624,994.8633,1035.492,1113.325,1024.609,1292.502,1179.746,1220.968,518.8354,773.7105,951.2615,687.9861,899.7192,952.9968,959.9077,879.8677,471.4023,326.948
2025-04-28 12:30:00,21.1,0.598,447.8,801.3775,785.7372,1112.666,961.7216,1121.752,1258.302,1019.376,1138.347,635.1033,625.8398,912.7209,716.1372,980.2286,508.8083,916.0616,828.6161,225.9407,204.3214
2025-04-28 12:45:00,21.1,0.603,449.2,1176.769,1295.047,697.9893,871.0858,1229.513,1269.244,1166.344,1220.6,950.345,1012.759,445.4367,643.6766,921.5676,1110.338,706.8115,905.8437,205.1375,198.3477
2025-04-28 13:00:00,21.9,0.654,450.2,973.0123,1061.635,1166.836,1006.544,308.9922,228.372,1152.416,246.6596,658.9063,924.3901,913.5027,855.8638,163.5639,181.0895,436.0497,384.0022,519.414,1039.626
2025-04-28 13:15:00,21.85,0.711,448.7,903.2892,872.6511,783.8228,677.0833,1246.729,602.0382,1153.993,1025.442,820.0303,713.9506,697.8516,451.4558,1000.929,583.2537,1084.89,459.2763,1077.02,280.4173
2025-04-28 13:30:00,21.86,0.697,446.4,924.755,773.9632,873.6754,774.5551,650.5607,241.0115,1205.304,230.3589,763.3839,582.3956,741.968,588.1269,494.9698,458.6479,1052.114,690.0357,768.6052,1163.673
2025-04-28 13:45:00,22.79,0.788,446,758.4418,783.0989,1237.976,357.0888,1140.458,1205.098,1241.214,1055.787,689.1529,558.2593,1048.957,240.1058,968.1004,1007.041,1059.356,211.0211,835.558,1203.881
2025-04-28 14:00:00,23.15,0.823,443.3,363.861,902.1888,1245.146,1228.648,241.0024,1185.557,1240.458,1168.015,314.481,743.1876,1100.782,808.7346,185.2361,950.1136,1111.883,976.9083,1261.038,1248.223
2025-04-28 14:15:00,23.5,0.886,444.7,1061.283,1138.002,1005.123,1152.967,1246.945,1217.31,238.2142,1082.198,803.3314,993.0635,564.3643,988.3785,981.3543,704.4849,739.5165,1011.933,1244.615,1209.855
2025-04-28 14:30:00,23.85,0.942,443.5,1212.955,900.3158,844.1727,1166.414,1162.519,243.4978,1149.818,1284.221,969.4899,683.5342,958.822,968.4476,929.2316,187.102,681.5112,906.7017,1180.204,1170.58
2025-04-28 14:45:00,23.31,0.9,440,1202.61,974.6802,1095.717,1149.768,1310.505,1192.584,1231.519,1193.438,941.4765,725.2122,949.0636,828.8386,961.9901,942.7913,1025.031,852.0089,1188.082,1212.175
2025-04-28 15:00:00,23.54,0.937,442.4,1300.835,1171.166,937.7177,914.7271,1220.955,1142.232,1152.991,1122.652,960.1778,941.548,791.2813,647.2615,960.8783,917.9303,970.037,804.8995,1098.53,1244.783
2025-04-28 15:15:00,23.96,0.995,440.3,1037.226,1013.184,1167.942,1098.093,1078.049,1067.134,1163.781,984.8878,880.7152,836.7292,967.8499,878.2899,916.9911,899.2943,950.9916,901.8691,581.467,603.8238
2025-04-28 15:30:00,24.13,1.023,442.1,859.7452,765.8674,925.3832,1054.501,1030.765,837.2888,277.939,1192.012,675.0726,676.4335,584.8915,773.3163,803.3058,807.0273,423.4277,815.0154,1051.079,1013.557
2025-04-28 15:45:00,24.71,1.104,440.8,1086.237,856.6133,385.7442,1082.231,1107.322,922.0319,841.9562,843.5939,868.6696,770.8874,335.487,895.1002,806.3619,591.7856,181.6937,721.8745,1012.288,959.4113
2025-04-28 16:00:00,24.67,1.103,436.4,1043.954,726.5078,348.8265,485.6852,843.0435,255.9934,301.2149,559.0291,726.0779,471.4998,375.1728,526.4352,755.3344,172.6852,748.6161,160.7298,931.6183,892.5721
2025-04-28 16:15:00,24.01,1.015,437.3,647.9996,345.924,693.5847,911.9781,976.1814,675.2244,848.6187,980.3803,544.3845,318.4,745.066,632.0497,669.8118,693.1178,711.8777,716.037,667.1873,625.6313
2025-04-28 16:30:00,24.1,1.024,438.2,881.3168,634.5572,509.5064,828.2745,959.9435,180.7039,169.1488,184.383,702.433,520.2175,331.1303,694.952,757.5826,143.278,136.7231,161.8223,816.176,883.4241
2025-04-28 16:45:00,23.82,0.983,436.9,881.9438,582.1525,636.1018,672.406,453.7172,743.4952,797.6284,913.3623,590.4087,461.7523,518.7933,510.6093,690.1561,518.5368,649.6025,587.4638,803.3322,241.5018
2025-04-28 17:00:00,23.59,0.947,441,433.7193,503.1531,733.3398,785.683,538.4249,624.8712,664.3878,671.6664,440.6832,343.8867,636.3741,655.52,618.6384,522.151,603.3253,596.3486,454.2204,592.7645
2025-04-28 17:15:00,23.99,1.006,439.8,713.2294,611.8586,628.5597,680.2557,671.2404,575.2535,669.8655,778.6448,547.5206,492.9538,492.2603,532.3007,486.7809,474.9524,440.711,636.6344,489.7935,722.8826
2025-04-28 17:30:00,23.85,0.986,441.5,649.0633,505.0815,601.0202,691.3389,591.9636,506.042,584.7701,596.1974,509.5786,407.7791,514.249,559.2392,534.8612,417.2228,527.8661,475.9763,611.4166,658.7267
2025-04-28 17:45:00,23.6,0.96,440.7,379.2032,517.9935,558.8036,359.2331,251.7629,433.8722,624.2806,662.772,311.9083,404.1213,471.7441,302.7093,151.0691,360.3322,497.518,211.0368,604.1292,531.929
2025-04-28 18:00:00,23.25,0.921,444.1,396.4562,346.2382,316.5563,390.7642,491.6989,394.9449,123.7655,120.8044,295.4347,261.7415,237.1434,314.2125,394.0004,266.0224,99.26755,96.86645,524.7892,530.029
2025-04-28 18:15:00,22.93,0.847,441.6,295.9973,197.8966,342.8051,121.6843,116.0224,113.6412,387.0341,228.5779,162.2322,138.4179,304.9826,92.10882,123.8608,92.74249,341.0475,90.3947,317.6617,126.5316
2025-04-28 18:30:00,22.73,0.837,442,327.0787,119.0463,308.1013,375.1048,338.9071,149.1745,145.5899,327.0871,250.7063,104.8917,227.8881,265.6794,235.6788,111.2242,115.3042,304.8989,277.2683,374.6705
2025-04-28 18:45:00,25.05,1.337,445.1,255.3703,132.8493,133.8559,273.0674,260.3686,93.70984,139.6526,301.871,195.9836,103.3421,75.51802,222.2957,212.1698,71.84473,66.28033,227.9915,307.2992,264.8196
2025-04-28 19:00:00,26.47,1.75,445.9,234.6602,111.7662,91.62814,189.1999,202.1709,102.2322,71.92021,121.7864,173.5808,88.36712,61.04245,146.3379,151.695,77.39304,55.79001,82.45677,228.5313,197.1372
2025-04-28 19:15:00,25.97,1.717,439.7,81.07812,70.18617,63.45041,85.57158,57.06871,60.85358,56.37719,58.70993,63.35972,54.92255,49.72644,65.28256,45.58073,47.73137,44.56596,46.6663,86.75333,60.1908
2025-04-28 19:30:00,25.53,1.636,441.8,50.21271,54.65591,49.96488,51.55178,40.95945,45.64148,41.53786,42.85108,40.20069,42.7906,39.83087,40.90727,32.90732,35.78563,33.24913,34.17379,52.49436,42.2321
2025-04-28 19:45:00,24.88,1.538,443.2,32.35647,35.71957,32.98876,33.87102,26.21441,29.13727,26.952,27.76815,26.08755,28.20013,26.40722,26.99185,21.14481,22.99956,21.57929,21.84848,34.0568,27.5527
2025-04-28 20:00:00,24.27,1.426,441.5,20.69949,22.96097,21.24066,21.80078,15.08197,16.7128,15.46602,15.87728,16.54388,18.04996,16.96507,17.09108,11.90722,13.04291,12.27436,12.29991,21.48746,14.9643
2025-04-28 20:15:00,23.56,1.295,447.6,9.710571,10.76554,9.951267,10.20223,5.028293,5.556712,5.133787,5.261837,7.57012,8.321635,7.840672,7.817275,3.830772,4.244522,3.985762,3.957158,9.325687,4.0961
2025-04-28 20:30:00,23.85,1.292,455.6,2.258601,2.494348,2.295586,2.353689,0.5358767,0.6061936,0.5424759,0.5729087,1.680571,1.873957,1.755572,1.753032,0.2371272,0.4427303,0.4076773,0.3985557,1.811018,0.3523
2025-04-28 20:45:00,23.58,1.194,458.1,0.1433775,0.1541399,0.1296619,0.1349864,0,0,0,0,0.01810036,0.1133355,0.0898714,0.09143373,0,0,0,0,0.07880889,0.1499
2025-04-28 21:00:00,23.15,1.095,467,0,0,0,0,0,0,0,0,0,0,0,0,0,0,0,0,0.01552833,0.1574
